"user_id","signup_date","country","experiment_group"
127076,"2025-09-01 14:35:43.301","France","B"
127077,"2025-09-01 14:48:58.381",,"A"
127078,"2025-09-01 14:59:21.604",,"B"
127079,"2025-09-01 14:59:59.972",,"A"
127080,"2025-09-01 15:08:05.261",,"B"
127081,"2025-09-01 15:56:06.467",,"A"
127082,"2025-09-01 15:57:11.024",,"B"
127083,"2025-09-01 16:13:19.608","Costa Rica","A"
127084,"2025-09-01 16:30:43.434","France","B"
127085,"2025-09-01 16:47:50.335",,"A"
127086,"2025-09-01 16:49:59.118",,"B"
127087,"2025-09-01 16:56:41.384","Colombia","A"
127088,"2025-09-01 17:03:32.626",,"B"
127089,"2025-09-01 17:05:31.338",,"A"
127090,"2025-09-01 17:09:50.701",,"B"
127091,"2025-09-01 17:40:32.768",,"A"
127092,"2025-09-01 18:19:10.189",,"B"
127093,"2025-09-01 18:28:55.622",,"A"
127094,"2025-09-01 18:29:34.608",,"B"
127095,"2025-09-01 18:36:34.381",,"A"
127096,"2025-09-01 18:46:33.558",,"B"
127097,"2025-09-01 19:33:10.434",,"A"
127098,"2025-09-01 19:33:44.308",,"B"
127099,"2025-09-01 19:52:19.361",,"A"
127100,"2025-09-01 19:54:50.820",,"B"
127101,"2025-09-01 19:58:06.890",,"A"
127102,"2025-09-01 20:04:48.550",,"B"
127103,"2025-09-01 20:23:40.106",,"A"
127104,"2025-09-01 20:35:03.555",,"B"
127105,"2025-09-01 20:41:38.057",,"A"
127106,"2025-09-01 21:04:14.584",,"B"
127107,"2025-09-01 21:14:15.709",,"A"
127108,"2025-09-01 21:16:44.830",,"B"
127109,"2025-09-01 21:40:22.420",,"A"
127110,"2025-09-01 21:40:26.853",,"B"
127111,"2025-09-01 21:48:01.450",,"A"
127112,"2025-09-01 21:49:11.160",,"B"
127113,"2025-09-01 22:01:52.767","Panama","A"
127114,"2025-09-01 22:06:07.813",,"B"
127115,"2025-09-01 22:09:23.611",,"A"
127116,"2025-09-01 22:47:13.440",,"B"
127117,"2025-09-01 22:47:58.696",,"A"
127118,"2025-09-01 22:58:56.643",,"B"
127119,"2025-09-01 23:04:46.244",,"A"
127120,"2025-09-01 23:12:32.752",,"B"
127121,"2025-09-01 23:18:35.354",,"A"
127122,"2025-09-01 23:19:28.710",,"B"
127123,"2025-09-01 23:42:44.582",,"A"
127124,"2025-09-01 23:47:19.683",,"B"
127125,"2025-09-01 23:56:20.265",,"A"
127126,"2025-09-02 00:02:46.667",,"B"
127127,"2025-09-02 00:07:56.004",,"A"
127128,"2025-09-02 00:10:52.240",,"B"
127129,"2025-09-02 00:28:34.131",,"A"
127130,"2025-09-02 00:37:10.912",,"B"
127131,"2025-09-02 01:02:36.556",,"A"
127132,"2025-09-02 01:04:23.630",,"B"
127133,"2025-09-02 01:09:46.999",,"A"
127260,"2025-09-02 21:29:20.166",,"B"
127261,"2025-09-02 21:34:37.675",,"A"
127262,"2025-09-02 21:39:15.547",,"B"
127263,"2025-09-02 21:46:54.973",,"A"
127264,"2025-09-02 21:48:20.862",,"B"
127265,"2025-09-02 21:48:34.603",,"A"
127266,"2025-09-02 21:54:12.773",,"B"
127267,"2025-09-02 21:59:56.260",,"A"
127268,"2025-09-02 22:17:58.453",,"B"
127269,"2025-09-02 22:23:33.551",,"A"
127270,"2025-09-02 22:34:37.082",,"B"
127271,"2025-09-02 22:35:38.456",,"A"
127272,"2025-09-02 22:50:53.320","Brazil","B"
127273,"2025-09-02 22:56:41.814",,"A"
127274,"2025-09-02 23:21:38.335",,"B"
127275,"2025-09-02 23:21:50.773",,"A"
127276,"2025-09-02 23:27:16.713",,"B"
127277,"2025-09-02 23:40:18.582","United States","A"
127278,"2025-09-03 00:43:16.097",,"B"
127279,"2025-09-03 00:53:58.850",,"A"
127280,"2025-09-03 00:59:31.726",,"B"
127281,"2025-09-03 01:09:35.624","United States","A"
127282,"2025-09-03 01:28:15.626",,"B"
127283,"2025-09-03 01:45:02.079",,"A"
127284,"2025-09-03 01:53:21.626",,"B"
127285,"2025-09-03 01:54:57.787",,"A"
127286,"2025-09-03 02:05:39.201",,"B"
127287,"2025-09-03 02:28:31.116",,"A"
127288,"2025-09-03 02:42:00.781",,"B"
127289,"2025-09-03 02:55:50.173",,"A"
127290,"2025-09-03 03:25:13.957",,"B"
127291,"2025-09-03 03:26:23.087",,"A"
127292,"2025-09-03 03:38:03.432",,"B"
127293,"2025-09-03 04:05:44.938",,"A"
127294,"2025-09-03 05:04:24.025",,"B"
127295,"2025-09-03 05:18:40.694",,"A"
127296,"2025-09-03 05:32:31.743",,"B"
127297,"2025-09-03 05:44:52.724",,"A"
127298,"2025-09-03 06:22:15.133",,"B"
127299,"2025-09-03 06:53:32.874",,"A"
127300,"2025-09-03 07:15:43.099",,"B"
127301,"2025-09-03 08:02:03.438",,"A"
127302,"2025-09-03 08:07:20.845",,"B"
127303,"2025-09-03 09:24:50.126",,"A"
127304,"2025-09-03 09:35:13.083",,"B"
127305,"2025-09-03 09:39:11.736",,"A"
127306,"2025-09-03 09:42:54.644",,"B"
127307,"2025-09-03 09:45:45.510",,"A"
127308,"2025-09-03 10:25:14.780",,"B"
127309,"2025-09-03 10:28:51.962",,"A"
127310,"2025-09-03 10:34:53.663",,"B"
127311,"2025-09-03 10:50:19.493",,"A"
127312,"2025-09-03 11:06:56.084",,"B"
127313,"2025-09-03 11:11:56.768",,"A"
127314,"2025-09-03 11:15:11.000","France","B"
127315,"2025-09-03 11:37:11.019","France","A"
127316,"2025-09-03 11:43:07.435","Brazil","B"
127317,"2025-09-03 11:44:12.082",,"A"
127318,"2025-09-03 11:44:46.870",,"B"
127319,"2025-09-03 11:45:09.941",,"A"
127320,"2025-09-03 12:05:28.267",,"B"
127321,"2025-09-03 12:13:29.725",,"A"
127322,"2025-09-03 12:20:40.485",,"B"
127323,"2025-09-03 12:23:47.208",,"A"
127324,"2025-09-03 12:37:46.384",,"B"
127325,"2025-09-03 12:42:16.138",,"A"
127326,"2025-09-03 13:10:32.065",,"B"
127457,"2025-09-04 14:00:42.033",,"A"
127458,"2025-09-04 14:05:13.928",,"B"
127459,"2025-09-04 14:19:06.978",,"A"
127460,"2025-09-04 14:21:53.819",,"B"
127461,"2025-09-04 14:57:57.520",,"A"
127462,"2025-09-04 15:09:42.790",,"B"
127463,"2025-09-04 15:11:11.368","United States","A"
127464,"2025-09-04 15:16:30.315",,"B"
127465,"2025-09-04 15:18:30.715",,"A"
127466,"2025-09-04 15:25:33.630",,"B"
127467,"2025-09-04 15:29:33.067","Dominican Republic","A"
127468,"2025-09-04 15:56:25.349",,"B"
127469,"2025-09-04 15:58:26.585","Brazil","A"
127470,"2025-09-04 15:59:39.066","United States","B"
127471,"2025-09-04 16:01:57.440",,"A"
127472,"2025-09-04 16:05:28.643",,"B"
127473,"2025-09-04 16:06:57.750",,"A"
127474,"2025-09-04 16:19:06.996",,"B"
127475,"2025-09-04 16:21:08.933",,"A"
127476,"2025-09-04 16:41:41.563",,"B"
127477,"2025-09-04 17:07:21.934",,"A"
127478,"2025-09-04 17:10:00.424",,"B"
127479,"2025-09-04 17:11:15.468",,"A"
127480,"2025-09-04 17:15:33.625",,"B"
127481,"2025-09-04 17:25:20.754",,"A"
127482,"2025-09-04 17:35:36.555",,"B"
127483,"2025-09-04 17:36:45.829",,"A"
127484,"2025-09-04 17:42:05.867",,"B"
127485,"2025-09-04 18:09:54.128",,"A"
127486,"2025-09-04 18:24:11.499",,"B"
127487,"2025-09-04 18:37:19.227",,"A"
127488,"2025-09-04 18:48:52.613",,"B"
127489,"2025-09-04 18:55:50.875",,"A"
127490,"2025-09-04 19:05:49.454",,"B"
127491,"2025-09-04 19:08:03.747",,"A"
127492,"2025-09-04 19:08:12.518",,"B"
127493,"2025-09-04 19:13:39.945",,"A"
127494,"2025-09-04 19:17:12.616",,"B"
127495,"2025-09-04 19:19:25.098",,"A"
127496,"2025-09-04 19:26:26.568",,"B"
127497,"2025-09-04 19:30:25.322",,"A"
127498,"2025-09-04 19:31:31.491",,"B"
127499,"2025-09-04 19:50:25.920","United States","A"
127500,"2025-09-04 19:55:00.385",,"B"
127501,"2025-09-04 20:03:44.988",,"A"
127502,"2025-09-04 20:06:33.890",,"B"
127503,"2025-09-04 20:15:53.962",,"A"
127504,"2025-09-04 20:18:00.641","United States","B"
127505,"2025-09-04 20:26:40.200",,"A"
127506,"2025-09-04 20:44:27.423",,"B"
127507,"2025-09-04 20:53:11.416","United States","A"
127508,"2025-09-04 20:59:01.117",,"B"
127509,"2025-09-04 21:09:05.217",,"A"
127510,"2025-09-04 21:09:57.263",,"B"
127511,"2025-09-04 21:14:58.234",,"A"
127512,"2025-09-04 21:25:57.719",,"B"
127513,"2025-09-04 21:38:13.761",,"A"
127514,"2025-09-04 21:48:53.505",,"B"
127515,"2025-09-04 22:14:57.821",,"A"
127516,"2025-09-04 22:23:28.523",,"B"
127517,"2025-09-04 22:39:42.275",,"A"
127518,"2025-09-04 22:42:24.464","Italy","B"
127519,"2025-09-04 22:49:53.828",,"A"
127520,"2025-09-04 22:53:55.096",,"B"
127521,"2025-09-04 22:59:44.676",,"A"
127522,"2025-09-04 23:12:33.422",,"B"
127523,"2025-09-04 23:17:11.055",,"A"
127524,"2025-09-04 23:18:35.718",,"B"
127525,"2025-09-04 23:18:53.301",,"A"
127526,"2025-09-04 23:24:15.551",,"B"
127527,"2025-09-04 23:48:04.644",,"A"
127528,"2025-09-04 23:51:23.176",,"B"
127529,"2025-09-04 23:56:49.297",,"A"
127530,"2025-09-05 00:20:06.739",,"B"
127664,"2025-09-05 23:19:27.250",,"B"
127665,"2025-09-05 23:37:07.404",,"A"
127666,"2025-09-05 23:45:54.697",,"B"
127667,"2025-09-05 23:54:53.324",,"A"
127668,"2025-09-05 23:55:47.621",,"B"
127669,"2025-09-06 00:13:06.350",,"A"
127670,"2025-09-06 01:06:10.693",,"B"
127671,"2025-09-06 01:10:06.374",,"A"
127672,"2025-09-06 01:14:34.444",,"B"
127673,"2025-09-06 01:51:56.845",,"A"
127674,"2025-09-06 02:32:51.564",,"B"
127675,"2025-09-06 02:57:50.330",,"A"
127676,"2025-09-06 03:24:07.118",,"B"
127677,"2025-09-06 03:31:33.609",,"A"
127678,"2025-09-06 03:53:59.148",,"B"
127679,"2025-09-06 04:01:38.809",,"A"
127680,"2025-09-06 05:21:07.244",,"B"
127681,"2025-09-06 05:40:54.670",,"A"
127682,"2025-09-06 05:42:39.685",,"B"
127683,"2025-09-06 05:57:25.422",,"A"
127684,"2025-09-06 06:18:04.509",,"B"
127685,"2025-09-06 06:18:28.671",,"A"
127686,"2025-09-06 06:29:18.416",,"B"
127687,"2025-09-06 08:01:36.665",,"A"
127688,"2025-09-06 08:19:30.855",,"B"
127689,"2025-09-06 08:41:31.234",,"A"
127690,"2025-09-06 09:02:09.166",,"B"
127691,"2025-09-06 09:39:40.342",,"A"
127692,"2025-09-06 09:42:53.238",,"B"
127693,"2025-09-06 09:57:57.079",,"A"
127694,"2025-09-06 10:06:32.538",,"B"
127695,"2025-09-06 10:40:48.611",,"A"
127696,"2025-09-06 10:58:18.552",,"B"
127697,"2025-09-06 11:02:12.730",,"A"
127698,"2025-09-06 11:26:37.658",,"B"
127699,"2025-09-06 12:19:55.620",,"A"
127700,"2025-09-06 12:25:49.014",,"B"
127701,"2025-09-06 12:30:26.983",,"A"
127702,"2025-09-06 12:37:09.675",,"B"
127703,"2025-09-06 12:38:06.953",,"A"
127704,"2025-09-06 12:42:14.063",,"B"
127705,"2025-09-06 12:47:44.448",,"A"
127706,"2025-09-06 12:47:54.877",,"B"
127707,"2025-09-06 13:11:47.836",,"A"
127708,"2025-09-06 13:21:48.978",,"B"
127709,"2025-09-06 13:27:23.919",,"A"
127710,"2025-09-06 13:28:13.606",,"B"
127711,"2025-09-06 13:48:21.198",,"A"
127712,"2025-09-06 13:57:32.560",,"B"
127713,"2025-09-06 14:05:05.327","United Kingdom","A"
127714,"2025-09-06 14:08:07.920",,"B"
127715,"2025-09-06 14:15:26.133",,"A"
127716,"2025-09-06 14:19:16.985",,"B"
127717,"2025-09-06 14:20:16.496",,"A"
127718,"2025-09-06 14:32:16.503",,"B"
127719,"2025-09-06 14:35:45.688",,"A"
127720,"2025-09-06 14:43:25.612",,"B"
127721,"2025-09-06 15:01:11.272",,"A"
127722,"2025-09-06 15:02:07.283",,"B"
127723,"2025-09-06 15:06:24.775",,"A"
127724,"2025-09-06 15:39:14.225",,"B"
127725,"2025-09-06 15:40:32.190",,"A"
127726,"2025-09-06 15:43:41.116",,"B"
127727,"2025-09-06 15:56:28.296",,"A"
127728,"2025-09-06 15:59:37.794",,"B"
127729,"2025-09-06 16:30:33.185",,"A"
127730,"2025-09-06 16:40:30.060",,"B"
127731,"2025-09-06 16:40:55.545",,"A"
127732,"2025-09-06 16:45:17.764",,"B"
127733,"2025-09-06 17:18:21.700",,"A"
127734,"2025-09-06 17:27:42.187",,"B"
127735,"2025-09-06 17:41:42.770","France","A"
127867,"2025-09-07 17:54:27.002",,"A"
127868,"2025-09-07 17:56:44.144",,"B"
127869,"2025-09-07 18:17:22.201",,"A"
127870,"2025-09-07 18:17:59.226",,"B"
127871,"2025-09-07 18:21:24.184",,"A"
127872,"2025-09-07 18:30:49.831",,"B"
127873,"2025-09-07 18:32:49.535","Croatia","A"
127874,"2025-09-07 18:33:47.272",,"B"
127875,"2025-09-07 18:35:33.532",,"A"
127876,"2025-09-07 18:39:10.661",,"B"
127877,"2025-09-07 18:58:41.696","Costa Rica","A"
127878,"2025-09-07 19:08:57.759",,"B"
127879,"2025-09-07 19:29:54.066",,"A"
127880,"2025-09-07 19:51:39.115",,"B"
127881,"2025-09-07 19:54:56.737",,"A"
127882,"2025-09-07 19:57:04.849",,"B"
127883,"2025-09-07 20:33:44.469",,"A"
127884,"2025-09-07 20:34:11.035",,"B"
127885,"2025-09-07 20:43:43.461",,"A"
127886,"2025-09-07 20:44:53.623",,"B"
127887,"2025-09-07 20:49:56.428",,"A"
127888,"2025-09-07 20:50:06.458",,"B"
127889,"2025-09-07 20:56:20.185",,"A"
127890,"2025-09-07 21:13:30.310",,"B"
127891,"2025-09-07 21:15:59.745",,"A"
127892,"2025-09-07 21:17:52.686",,"B"
127893,"2025-09-07 21:18:53.182",,"A"
127894,"2025-09-07 21:19:20.745",,"B"
127895,"2025-09-07 21:35:18.731",,"A"
127896,"2025-09-07 21:44:43.430",,"B"
127897,"2025-09-07 21:50:04.313",,"A"
127898,"2025-09-07 21:52:28.389",,"B"
127899,"2025-09-07 21:53:00.645","United States","A"
127900,"2025-09-07 22:07:51.091",,"B"
127901,"2025-09-07 22:35:54.086",,"A"
127902,"2025-09-07 22:39:00.374",,"B"
127903,"2025-09-07 22:54:34.787",,"A"
127904,"2025-09-07 23:06:35.445",,"B"
127905,"2025-09-07 23:12:37.606",,"A"
127906,"2025-09-07 23:15:31.744",,"B"
127907,"2025-09-07 23:23:59.760",,"A"
127908,"2025-09-07 23:33:15.427",,"B"
127909,"2025-09-07 23:36:55.129",,"A"
127910,"2025-09-07 23:39:56.050",,"B"
127911,"2025-09-07 23:49:41.076",,"A"
127912,"2025-09-07 23:55:07.282",,"B"
127913,"2025-09-08 00:00:41.010",,"A"
127914,"2025-09-08 00:09:01.077",,"B"
127915,"2025-09-08 00:49:23.523",,"A"
127916,"2025-09-08 01:10:55.683",,"B"
127917,"2025-09-08 01:18:32.568",,"A"
127918,"2025-09-08 01:43:55.466",,"B"
127919,"2025-09-08 01:53:29.271",,"A"
127920,"2025-09-08 02:02:50.303",,"B"
127921,"2025-09-08 02:20:28.835",,"A"
127922,"2025-09-08 02:30:56.792",,"B"
127923,"2025-09-08 02:40:48.785",,"A"
127924,"2025-09-08 03:02:47.150",,"B"
127925,"2025-09-08 03:03:37.512","Colombia","A"
127926,"2025-09-08 03:14:39.689",,"B"
127927,"2025-09-08 03:20:47.644",,"A"
127928,"2025-09-08 03:22:19.612",,"B"
127929,"2025-09-08 03:25:12.063",,"A"
127930,"2025-09-08 03:26:20.716",,"B"
127931,"2025-09-08 03:26:25.815",,"A"
127932,"2025-09-08 04:15:39.053",,"B"
128090,"2025-09-09 11:20:55.044","United Kingdom","B"
128091,"2025-09-09 11:25:34.801",,"A"
128092,"2025-09-09 11:26:28.398",,"B"
128093,"2025-09-09 11:27:32.300",,"A"
128094,"2025-09-09 11:34:32.284",,"B"
128095,"2025-09-09 11:34:56.662",,"A"
128096,"2025-09-09 11:44:34.542",,"B"
128097,"2025-09-09 11:49:26.353",,"A"
128098,"2025-09-09 12:00:23.322",,"B"
128099,"2025-09-09 12:16:56.645",,"A"
128100,"2025-09-09 12:22:24.979","Spain","B"
128101,"2025-09-09 12:34:34.060",,"A"
128102,"2025-09-09 12:37:37.203",,"B"
128103,"2025-09-09 12:45:33.625","Sri Lanka","A"
128104,"2025-09-09 13:10:21.770",,"B"
128105,"2025-09-09 13:11:31.646",,"A"
128106,"2025-09-09 13:22:39.773",,"B"
128107,"2025-09-09 13:31:36.787",,"A"
128108,"2025-09-09 13:36:22.220",,"B"
128109,"2025-09-09 13:53:29.636",,"A"
128110,"2025-09-09 13:54:45.041",,"B"
128111,"2025-09-09 13:57:04.168",,"A"
128112,"2025-09-09 14:08:01.117",,"B"
128113,"2025-09-09 14:17:58.044",,"A"
128114,"2025-09-09 14:20:40.705",,"B"
128115,"2025-09-09 14:23:58.550",,"A"
128116,"2025-09-09 14:30:27.784",,"B"
128117,"2025-09-09 14:46:47.542",,"A"
128118,"2025-09-09 14:54:08.464",,"B"
128119,"2025-09-09 15:14:19.868","United Kingdom","A"
128120,"2025-09-09 15:30:58.511",,"B"
128121,"2025-09-09 15:38:19.168",,"A"
128122,"2025-09-09 16:13:25.744",,"B"
128123,"2025-09-09 16:28:47.842",,"A"
128124,"2025-09-09 16:34:33.776",,"B"
128125,"2025-09-09 16:40:24.442",,"A"
128126,"2025-09-09 16:55:08.761","United States","B"
128127,"2025-09-09 16:56:17.176",,"A"
128128,"2025-09-09 17:04:35.944",,"B"
128129,"2025-09-09 17:06:02.132","Mexico","A"
128130,"2025-09-09 17:08:52.520",,"B"
128131,"2025-09-09 17:23:33.203",,"A"
128132,"2025-09-09 17:33:21.857","United States","B"
128133,"2025-09-09 17:42:00.662",,"A"
128134,"2025-09-09 17:53:07.349",,"B"
128135,"2025-09-09 17:56:07.052",,"A"
128136,"2025-09-09 18:32:06.458",,"B"
128137,"2025-09-09 18:40:38.627",,"A"
128138,"2025-09-09 18:54:21.312",,"B"
128139,"2025-09-09 18:57:06.299",,"A"
128140,"2025-09-09 18:57:52.523",,"B"
128141,"2025-09-09 19:16:07.911",,"A"
128142,"2025-09-09 19:28:45.991","Brazil","B"
128143,"2025-09-09 19:28:58.536",,"A"
128144,"2025-09-09 19:45:24.927",,"B"
128145,"2025-09-09 19:51:07.308",,"A"
128146,"2025-09-09 19:52:47.436",,"B"
128147,"2025-09-09 19:57:43.228",,"A"
128148,"2025-09-09 20:11:41.115",,"B"
128149,"2025-09-09 20:12:22.413",,"A"
128150,"2025-09-09 20:12:38.398",,"B"
128151,"2025-09-09 20:12:38.404","Spain","A"
128152,"2025-09-09 20:16:44.224",,"B"
128153,"2025-09-09 20:59:53.154",,"A"
128154,"2025-09-09 21:03:55.807",,"B"
128155,"2025-09-09 21:10:06.067",,"A"
128302,"2025-09-11 00:18:30.914",,"B"
128303,"2025-09-11 00:33:29.812",,"A"
128304,"2025-09-11 00:47:24.110",,"B"
128305,"2025-09-11 00:49:16.864",,"A"
128306,"2025-09-11 01:00:13.047",,"B"
128307,"2025-09-11 01:03:54.006",,"A"
128308,"2025-09-11 01:08:30.052",,"B"
128309,"2025-09-11 01:18:50.132",,"A"
128310,"2025-09-11 02:31:27.312",,"B"
128311,"2025-09-11 02:43:26.895",,"A"
128312,"2025-09-11 02:46:26.290","Japan","B"
128313,"2025-09-11 02:57:36.043",,"A"
128314,"2025-09-11 03:04:01.132",,"B"
128315,"2025-09-11 03:13:35.306",,"A"
128316,"2025-09-11 03:52:43.201",,"B"
128317,"2025-09-11 03:59:06.068",,"A"
128318,"2025-09-11 06:20:11.598",,"B"
128319,"2025-09-11 06:58:42.995",,"A"
128320,"2025-09-11 08:28:15.427",,"B"
128321,"2025-09-11 09:25:01.467",,"A"
128322,"2025-09-11 10:12:38.206",,"B"
128323,"2025-09-11 10:17:38.426",,"A"
128324,"2025-09-11 10:23:33.308",,"B"
128325,"2025-09-11 10:36:03.974",,"A"
128326,"2025-09-11 10:56:15.831",,"B"
128327,"2025-09-11 10:57:43.005",,"A"
128328,"2025-09-11 10:57:44.102",,"B"
128329,"2025-09-11 11:13:36.329",,"A"
128330,"2025-09-11 11:33:42.393",,"B"
128331,"2025-09-11 11:38:15.366",,"A"
128332,"2025-09-11 11:45:02.201",,"B"
128333,"2025-09-11 12:14:58.780",,"A"
128334,"2025-09-11 12:28:46.745",,"B"
128335,"2025-09-11 12:34:33.336",,"A"
128336,"2025-09-11 12:36:04.339",,"B"
128337,"2025-09-11 12:58:46.177",,"A"
128338,"2025-09-11 13:02:15.643",,"B"
128339,"2025-09-11 13:10:51.600",,"A"
128340,"2025-09-11 13:11:18.258",,"B"
128341,"2025-09-11 13:21:14.698",,"A"
128343,"2025-09-11 13:23:50.124",,"A"
128344,"2025-09-11 14:05:21.046",,"B"
128345,"2025-09-11 14:32:09.541","Brazil","A"
128346,"2025-09-11 14:48:11.594",,"B"
128347,"2025-09-11 15:04:01.755",,"A"
128348,"2025-09-11 15:14:02.647",,"B"
128349,"2025-09-11 15:18:02.897",,"A"
128350,"2025-09-11 15:32:04.092",,"B"
128351,"2025-09-11 15:33:05.624",,"A"
128352,"2025-09-11 15:50:05.920",,"B"
128353,"2025-09-11 15:57:50.797",,"A"
128354,"2025-09-11 16:04:19.791",,"B"
128355,"2025-09-11 16:15:50.522",,"A"
128356,"2025-09-11 16:34:19.960",,"B"
128357,"2025-09-11 16:51:39.230",,"A"
128358,"2025-09-11 17:23:11.868",,"B"
128359,"2025-09-11 17:23:26.959",,"A"
128360,"2025-09-11 17:39:20.723",,"B"
128361,"2025-09-11 17:41:46.698",,"A"
128362,"2025-09-11 17:53:26.891",,"B"
128363,"2025-09-11 18:14:57.034",,"A"
128364,"2025-09-11 18:21:58.943",,"B"
128365,"2025-09-11 18:23:30.762",,"A"
128366,"2025-09-11 18:41:29.466",,"B"
128367,"2025-09-11 18:43:36.811",,"A"
128368,"2025-09-11 18:48:07.819",,"B"
128504,"2025-09-13 01:49:14.713",,"B"
128505,"2025-09-13 01:51:10.019",,"A"
128506,"2025-09-13 01:59:01.412",,"B"
128507,"2025-09-13 02:49:24.803",,"A"
128508,"2025-09-13 03:02:46.231",,"B"
128509,"2025-09-13 03:16:06.240",,"A"
128510,"2025-09-13 03:38:00.714",,"B"
128511,"2025-09-13 03:40:33.929",,"A"
128512,"2025-09-13 03:48:41.350",,"B"
128513,"2025-09-13 04:02:41.206",,"A"
128514,"2025-09-13 04:16:12.785",,"B"
128515,"2025-09-13 04:17:52.658","Italy","A"
128516,"2025-09-13 05:18:43.539",,"B"
128517,"2025-09-13 05:43:01.035",,"A"
128518,"2025-09-13 05:48:15.059",,"B"
128519,"2025-09-13 05:55:11.474",,"A"
127018,"2025-09-01 00:44:36.265",,"B"
127019,"2025-09-01 00:49:02.020",,"A"
127020,"2025-09-01 01:40:11.808",,"B"
127021,"2025-09-01 01:43:21.638",,"A"
127022,"2025-09-01 01:43:41.922",,"B"
127023,"2025-09-01 01:43:41.923",,"A"
127024,"2025-09-01 01:44:40.728",,"B"
127025,"2025-09-01 01:45:14.061",,"A"
127026,"2025-09-01 01:46:15.075",,"B"
127027,"2025-09-01 02:02:18.256",,"A"
127028,"2025-09-01 02:02:57.364",,"B"
127029,"2025-09-01 02:04:39.557",,"A"
127030,"2025-09-01 02:19:38.820",,"B"
127031,"2025-09-01 02:35:20.610",,"A"
127032,"2025-09-01 02:52:08.445",,"B"
127033,"2025-09-01 02:56:04.369",,"A"
127034,"2025-09-01 03:00:05.100",,"B"
127035,"2025-09-01 03:27:26.938",,"A"
127036,"2025-09-01 03:56:38.762",,"B"
127037,"2025-09-01 04:26:26.663",,"A"
127038,"2025-09-01 05:08:58.541",,"B"
128520,"2025-09-13 06:08:45.817",,"B"
128521,"2025-09-13 06:49:12.199","Thailand","A"
128522,"2025-09-13 07:26:27.288",,"B"
128523,"2025-09-13 08:01:33.778",,"A"
128524,"2025-09-13 08:24:23.302",,"B"
128525,"2025-09-13 08:36:30.579",,"A"
128526,"2025-09-13 08:46:23.260",,"B"
128527,"2025-09-13 09:24:14.095",,"A"
128528,"2025-09-13 09:41:08.971",,"B"
128529,"2025-09-13 10:27:40.657",,"A"
128530,"2025-09-13 10:28:41.363",,"B"
128531,"2025-09-13 10:37:47.759",,"A"
128532,"2025-09-13 10:39:37.581",,"B"
128533,"2025-09-13 10:59:24.499",,"A"
128534,"2025-09-13 11:13:11.648",,"B"
128535,"2025-09-13 11:17:37.617",,"A"
128536,"2025-09-13 11:28:05.742",,"B"
128537,"2025-09-13 11:32:19.992",,"A"
128538,"2025-09-13 11:49:00.540",,"B"
128539,"2025-09-13 11:59:03.250","Brazil","A"
128540,"2025-09-13 12:19:46.487",,"B"
128541,"2025-09-13 12:34:55.983",,"A"
128542,"2025-09-13 12:35:16.404",,"B"
128543,"2025-09-13 12:36:41.326",,"A"
128544,"2025-09-13 12:38:03.291",,"B"
128545,"2025-09-13 12:52:58.372","United States","A"
128546,"2025-09-13 12:55:37.082",,"B"
128547,"2025-09-13 12:59:06.488",,"A"
128548,"2025-09-13 13:20:39.780",,"B"
128549,"2025-09-13 13:30:22.862",,"A"
128550,"2025-09-13 13:42:39.005",,"B"
128551,"2025-09-13 13:45:04.806",,"A"
128553,"2025-09-13 13:50:46.400",,"A"
127039,"2025-09-01 05:09:34.480",,"A"
127040,"2025-09-01 05:53:37.077",,"B"
127041,"2025-09-01 05:59:24.350",,"A"
127042,"2025-09-01 06:02:37.098",,"B"
127043,"2025-09-01 06:03:32.634",,"A"
127044,"2025-09-01 06:23:26.629",,"B"
127045,"2025-09-01 06:36:39.547",,"A"
127046,"2025-09-01 07:03:29.271",,"B"
127047,"2025-09-01 07:06:09.696",,"A"
127134,"2025-09-02 01:24:02.573",,"B"
127135,"2025-09-02 01:41:14.362",,"A"
127136,"2025-09-02 01:51:25.830","United States","B"
127137,"2025-09-02 02:08:35.747",,"A"
127138,"2025-09-02 02:08:36.707",,"B"
127139,"2025-09-02 02:14:04.969",,"A"
127140,"2025-09-02 02:20:12.569","Canada","B"
127141,"2025-09-02 02:22:12.146",,"A"
127048,"2025-09-01 08:05:51.129",,"B"
127049,"2025-09-01 08:10:48.351",,"A"
127050,"2025-09-01 08:13:25.809",,"B"
127051,"2025-09-01 09:02:35.216",,"A"
127052,"2025-09-01 09:40:44.320","France","B"
127053,"2025-09-01 09:49:14.767",,"A"
127054,"2025-09-01 10:23:41.241",,"B"
127055,"2025-09-01 10:31:30.294",,"A"
127056,"2025-09-01 10:35:42.903","United States","B"
127057,"2025-09-01 10:42:32.008",,"A"
127058,"2025-09-01 10:48:12.068",,"B"
127059,"2025-09-01 10:50:04.098",,"A"
127060,"2025-09-01 11:20:56.855",,"B"
127061,"2025-09-01 11:35:31.040",,"A"
127062,"2025-09-01 11:41:52.925",,"B"
127063,"2025-09-01 11:46:12.092",,"A"
127064,"2025-09-01 11:53:43.143",,"B"
127065,"2025-09-01 12:35:55.051",,"A"
127066,"2025-09-01 12:38:47.851",,"B"
127067,"2025-09-01 12:55:27.409",,"A"
127068,"2025-09-01 13:04:14.821",,"B"
127069,"2025-09-01 13:23:46.252",,"A"
127070,"2025-09-01 13:24:47.835",,"B"
127071,"2025-09-01 13:27:52.737","United Kingdom","A"
127072,"2025-09-01 13:45:58.565",,"B"
128554,"2025-09-13 13:59:09.279",,"B"
128555,"2025-09-13 14:21:08.891",,"A"
128556,"2025-09-13 14:26:29.137",,"B"
128557,"2025-09-13 14:36:46.043",,"A"
128558,"2025-09-13 14:42:09.292",,"B"
128559,"2025-09-13 14:54:45.656",,"A"
128560,"2025-09-13 14:57:44.509",,"B"
128561,"2025-09-13 15:01:18.776",,"A"
128695,"2025-09-14 22:05:16.561",,"A"
128696,"2025-09-14 22:24:51.159",,"B"
128697,"2025-09-14 22:41:10.530",,"A"
128698,"2025-09-14 22:54:24.668",,"B"
128699,"2025-09-14 23:50:02.452",,"A"
128700,"2025-09-14 23:53:23.967",,"B"
128701,"2025-09-14 23:55:30.950",,"A"
128702,"2025-09-15 00:06:46.573",,"B"
128703,"2025-09-15 00:08:20.951",,"A"
128704,"2025-09-15 00:21:41.496",,"B"
128705,"2025-09-15 00:27:45.724",,"A"
128706,"2025-09-15 00:35:58.535",,"B"
128707,"2025-09-15 01:02:46.189",,"A"
128708,"2025-09-15 01:05:43.523",,"B"
128709,"2025-09-15 01:10:56.779",,"A"
128710,"2025-09-15 01:29:28.096","United States","B"
128711,"2025-09-15 01:58:47.000",,"A"
128712,"2025-09-15 02:11:34.791",,"B"
128714,"2025-09-15 02:21:39.423",,"B"
128715,"2025-09-15 02:24:56.747",,"A"
128716,"2025-09-15 02:31:35.304",,"B"
128717,"2025-09-15 02:42:55.956",,"A"
128718,"2025-09-15 02:47:34.318",,"B"
128719,"2025-09-15 02:51:57.509",,"A"
128720,"2025-09-15 03:02:32.245",,"B"
128721,"2025-09-15 03:05:56.484",,"A"
127073,"2025-09-01 14:13:19.845",,"A"
127074,"2025-09-01 14:22:20.733",,"B"
127075,"2025-09-01 14:30:20.015",,"A"
127199,"2025-09-02 12:14:06.243",,"A"
127200,"2025-09-02 12:14:18.956",,"B"
127201,"2025-09-02 12:29:05.119",,"A"
127202,"2025-09-02 12:35:56.108",,"B"
127142,"2025-09-02 02:23:14.700","Ireland","B"
127143,"2025-09-02 02:26:10.140",,"A"
127144,"2025-09-02 02:33:59.841",,"B"
127145,"2025-09-02 02:39:42.646",,"A"
127146,"2025-09-02 02:40:20.533",,"B"
127147,"2025-09-02 02:57:21.971",,"A"
127148,"2025-09-02 03:00:49.817",,"B"
127149,"2025-09-02 03:01:38.905",,"A"
127150,"2025-09-02 03:07:23.066","Brazil","B"
127151,"2025-09-02 03:10:33.239",,"A"
127152,"2025-09-02 03:15:55.998",,"B"
127153,"2025-09-02 03:31:49.736",,"A"
127154,"2025-09-02 03:32:25.915",,"B"
127155,"2025-09-02 03:53:55.488",,"A"
127156,"2025-09-02 03:54:17.112",,"B"
127157,"2025-09-02 03:57:52.174",,"A"
127158,"2025-09-02 04:01:13.980",,"B"
127159,"2025-09-02 04:25:50.782",,"A"
127160,"2025-09-02 04:38:48.020",,"B"
127161,"2025-09-02 04:56:58.744",,"A"
127162,"2025-09-02 05:16:38.979",,"B"
127163,"2025-09-02 05:23:48.432",,"A"
127164,"2025-09-02 05:32:48.960",,"B"
127165,"2025-09-02 05:35:50.067",,"A"
127166,"2025-09-02 05:56:57.350",,"B"
127167,"2025-09-02 06:01:27.821",,"A"
127168,"2025-09-02 06:14:58.875",,"B"
127169,"2025-09-02 06:35:09.396",,"A"
127170,"2025-09-02 06:45:26.056",,"B"
127171,"2025-09-02 06:46:53.980",,"A"
127172,"2025-09-02 07:06:30.189",,"B"
127173,"2025-09-02 07:18:36.827",,"A"
127174,"2025-09-02 07:44:04.649","Thailand","B"
127203,"2025-09-02 12:40:57.040",,"A"
127204,"2025-09-02 12:58:08.602",,"B"
127205,"2025-09-02 13:04:00.709",,"A"
127206,"2025-09-02 13:09:39.976",,"B"
127207,"2025-09-02 13:11:40.512",,"A"
127208,"2025-09-02 13:12:53.273",,"B"
127209,"2025-09-02 13:16:46.890",,"A"
127210,"2025-09-02 13:36:25.215","Brazil","B"
127211,"2025-09-02 13:41:29.050",,"A"
127212,"2025-09-02 13:42:34.454",,"B"
127213,"2025-09-02 13:48:31.959","Brazil","A"
127214,"2025-09-02 13:52:26.935",,"B"
127215,"2025-09-02 13:59:18.521",,"A"
127216,"2025-09-02 14:02:55.784",,"B"
127217,"2025-09-02 14:31:25.155",,"A"
127218,"2025-09-02 14:40:30.400",,"B"
127219,"2025-09-02 14:41:45.330",,"A"
127220,"2025-09-02 14:44:15.605",,"B"
127221,"2025-09-02 14:44:45.050",,"A"
127222,"2025-09-02 15:00:28.864",,"B"
127223,"2025-09-02 15:34:39.789",,"A"
127224,"2025-09-02 15:39:04.140",,"B"
127225,"2025-09-02 15:41:06.636",,"A"
127226,"2025-09-02 15:54:57.734","United States","B"
127227,"2025-09-02 15:59:18.247",,"A"
127228,"2025-09-02 16:06:47.058",,"B"
128722,"2025-09-15 03:56:24.889",,"B"
128723,"2025-09-15 04:20:39.795","United States","A"
128724,"2025-09-15 04:52:50.141",,"B"
128725,"2025-09-15 05:21:12.665","United States","A"
128726,"2025-09-15 05:23:34.862",,"B"
128727,"2025-09-15 06:00:43.713",,"A"
128728,"2025-09-15 06:03:36.008",,"B"
128729,"2025-09-15 06:21:20.915",,"A"
128730,"2025-09-15 06:29:39.552",,"B"
128731,"2025-09-15 06:30:43.397",,"A"
128732,"2025-09-15 07:00:10.422",,"B"
128733,"2025-09-15 07:08:03.341",,"A"
128734,"2025-09-15 07:38:56.128",,"B"
128735,"2025-09-15 07:44:57.149",,"A"
128736,"2025-09-15 07:57:20.274",,"B"
128737,"2025-09-15 08:09:32.296",,"A"
128738,"2025-09-15 08:13:16.230",,"B"
128739,"2025-09-15 08:51:01.218",,"A"
128740,"2025-09-15 08:51:53.382",,"B"
128741,"2025-09-15 09:01:10.269",,"A"
128742,"2025-09-15 09:15:53.618",,"B"
128743,"2025-09-15 09:23:03.659",,"A"
128744,"2025-09-15 09:31:24.709",,"B"
128745,"2025-09-15 09:37:05.471",,"A"
128746,"2025-09-15 09:39:06.070",,"B"
128747,"2025-09-15 09:49:27.043",,"A"
128748,"2025-09-15 09:59:52.510",,"B"
128749,"2025-09-15 10:00:59.071",,"A"
128750,"2025-09-15 10:11:28.616",,"B"
128751,"2025-09-15 10:13:48.568",,"A"
128752,"2025-09-15 10:19:49.114",,"B"
128753,"2025-09-15 10:25:38.193",,"A"
128754,"2025-09-15 10:33:11.044",,"B"
128755,"2025-09-15 10:54:48.123",,"A"
127229,"2025-09-02 16:14:22.272",,"A"
127230,"2025-09-02 16:52:54.640",,"B"
127231,"2025-09-02 17:09:34.828",,"A"
127232,"2025-09-02 17:11:08.449",,"B"
127233,"2025-09-02 17:20:24.331",,"A"
127234,"2025-09-02 17:20:50.402",,"B"
127175,"2025-09-02 07:49:46.356","United States","A"
127176,"2025-09-02 08:15:48.612",,"B"
127177,"2025-09-02 08:23:37.404",,"A"
127178,"2025-09-02 08:25:47.248",,"B"
127179,"2025-09-02 08:41:35.597",,"A"
127180,"2025-09-02 09:22:33.782",,"B"
127181,"2025-09-02 09:35:27.489",,"A"
127182,"2025-09-02 09:55:44.180",,"B"
127183,"2025-09-02 10:02:02.904",,"A"
127184,"2025-09-02 10:06:48.976",,"B"
127185,"2025-09-02 10:17:09.381",,"A"
127186,"2025-09-02 10:18:01.225",,"B"
127187,"2025-09-02 10:18:10.929",,"A"
127188,"2025-09-02 10:20:24.498",,"B"
127189,"2025-09-02 10:50:32.965",,"A"
127190,"2025-09-02 10:57:34.151",,"B"
127191,"2025-09-02 11:09:23.140",,"A"
127192,"2025-09-02 11:22:40.122",,"B"
127193,"2025-09-02 11:24:07.895",,"A"
127194,"2025-09-02 11:28:17.432",,"B"
127195,"2025-09-02 11:42:54.266",,"A"
127196,"2025-09-02 11:50:35.385",,"B"
127197,"2025-09-02 12:09:36.618",,"A"
127198,"2025-09-02 12:12:28.839",,"B"
127327,"2025-09-03 13:12:59.325","Germany","A"
127328,"2025-09-03 13:17:41.379",,"B"
127329,"2025-09-03 13:20:13.919",,"A"
127330,"2025-09-03 13:23:36.086",,"B"
127331,"2025-09-03 13:24:54.326",,"A"
127332,"2025-09-03 13:27:47.108",,"B"
127333,"2025-09-03 13:32:02.724",,"A"
127235,"2025-09-02 17:20:54.632",,"A"
127236,"2025-09-02 17:25:52.094",,"B"
127237,"2025-09-02 17:31:21.298","United States","A"
127238,"2025-09-02 17:34:48.458",,"B"
127239,"2025-09-02 17:44:44.404","Italy","A"
127240,"2025-09-02 17:45:05.181",,"B"
127241,"2025-09-02 17:52:17.830",,"A"
127242,"2025-09-02 17:56:47.001",,"B"
127243,"2025-09-02 18:03:40.314",,"A"
127244,"2025-09-02 18:11:43.663",,"B"
127245,"2025-09-02 18:17:22.781",,"A"
127246,"2025-09-02 18:23:23.626","Brazil","B"
127247,"2025-09-02 18:27:36.429","Italy","A"
127248,"2025-09-02 18:46:07.245",,"B"
127249,"2025-09-02 19:06:47.838",,"A"
127250,"2025-09-02 19:17:47.537",,"B"
127251,"2025-09-02 19:43:02.367",,"A"
127252,"2025-09-02 19:51:23.924",,"B"
127253,"2025-09-02 19:57:36.800",,"A"
127254,"2025-09-02 20:06:06.217","United States","B"
127255,"2025-09-02 20:26:05.938",,"A"
127256,"2025-09-02 20:50:38.608",,"B"
127257,"2025-09-02 20:57:15.515",,"A"
127258,"2025-09-02 21:04:38.790",,"B"
127259,"2025-09-02 21:08:45.281",,"A"
127390,"2025-09-03 21:46:43.076",,"B"
128756,"2025-09-15 10:58:28.359",,"B"
128757,"2025-09-15 11:01:22.656",,"A"
128758,"2025-09-15 11:09:37.671",,"B"
128759,"2025-09-15 11:31:12.873",,"A"
128760,"2025-09-15 11:32:16.142",,"B"
128761,"2025-09-15 11:34:34.799",,"A"
128762,"2025-09-15 11:36:22.914",,"B"
128763,"2025-09-15 11:38:26.027",,"A"
128764,"2025-09-15 11:47:16.261",,"B"
128765,"2025-09-15 11:51:45.228",,"A"
128766,"2025-09-15 12:06:05.016",,"B"
128767,"2025-09-15 12:08:47.676",,"A"
128768,"2025-09-15 12:09:09.962",,"B"
128769,"2025-09-15 12:18:57.989",,"A"
128770,"2025-09-15 12:28:05.983",,"B"
128771,"2025-09-15 12:29:19.922",,"A"
128772,"2025-09-15 12:42:33.772",,"B"
128773,"2025-09-15 12:54:15.085",,"A"
128924,"2025-09-16 14:45:56.414",,"B"
128925,"2025-09-16 15:05:05.361",,"A"
128926,"2025-09-16 15:07:02.571",,"B"
128927,"2025-09-16 15:12:26.187",,"A"
128928,"2025-09-16 15:19:08.784","Morocco","B"
128929,"2025-09-16 15:32:57.018","United States","A"
128930,"2025-09-16 15:42:04.046",,"B"
128931,"2025-09-16 15:43:14.854",,"A"
128932,"2025-09-16 15:59:36.554",,"B"
128933,"2025-09-16 16:32:45.328",,"A"
128934,"2025-09-16 16:33:09.984",,"B"
128935,"2025-09-16 16:45:10.726","Italy","A"
128936,"2025-09-16 16:48:05.682",,"B"
128937,"2025-09-16 17:20:32.143",,"A"
128938,"2025-09-16 17:23:25.267",,"B"
127334,"2025-09-03 13:45:02.738","Chile","B"
127335,"2025-09-03 13:46:42.833",,"A"
127336,"2025-09-03 13:50:48.027",,"B"
127337,"2025-09-03 14:15:35.394",,"A"
127338,"2025-09-03 14:30:42.322",,"B"
127339,"2025-09-03 14:31:29.411",,"A"
127340,"2025-09-03 14:32:17.402",,"B"
127341,"2025-09-03 14:47:07.552",,"A"
127342,"2025-09-03 15:13:12.425",,"B"
127343,"2025-09-03 15:20:44.928",,"A"
127344,"2025-09-03 15:32:43.520",,"B"
127345,"2025-09-03 15:42:43.090",,"A"
127346,"2025-09-03 15:54:09.076",,"B"
127347,"2025-09-03 16:05:59.960",,"A"
127348,"2025-09-03 16:06:05.170",,"B"
127349,"2025-09-03 16:17:26.712",,"A"
127350,"2025-09-03 16:29:56.316",,"B"
127351,"2025-09-03 16:34:37.564","Sri Lanka","A"
127352,"2025-09-03 16:37:53.811",,"B"
127353,"2025-09-03 16:49:55.209",,"A"
127354,"2025-09-03 17:11:01.340",,"B"
127355,"2025-09-03 17:15:35.017",,"A"
127356,"2025-09-03 17:35:24.136",,"B"
127357,"2025-09-03 17:39:27.033",,"A"
127358,"2025-09-03 17:41:23.656",,"B"
127359,"2025-09-03 17:44:01.399",,"A"
127360,"2025-09-03 17:50:25.376",,"B"
127361,"2025-09-03 17:54:34.941",,"A"
127362,"2025-09-03 17:55:22.921",,"B"
127363,"2025-09-03 18:11:37.004",,"A"
127364,"2025-09-03 18:28:03.763",,"B"
127365,"2025-09-03 18:49:41.996",,"A"
127366,"2025-09-03 18:56:49.425",,"B"
127391,"2025-09-03 21:51:59.011",,"A"
127392,"2025-09-03 22:01:25.338",,"B"
127393,"2025-09-03 22:10:24.768",,"A"
127394,"2025-09-03 22:12:33.659",,"B"
127395,"2025-09-03 22:19:36.147",,"A"
127396,"2025-09-03 22:28:16.371",,"B"
127397,"2025-09-03 22:30:25.652",,"A"
127398,"2025-09-03 22:41:59.875",,"B"
127399,"2025-09-03 22:48:00.768",,"A"
127400,"2025-09-03 22:57:28.656",,"B"
127401,"2025-09-03 23:26:13.789",,"A"
127402,"2025-09-03 23:44:27.453",,"B"
127403,"2025-09-04 00:28:03.761",,"A"
127404,"2025-09-04 00:47:50.891",,"B"
127405,"2025-09-04 00:50:58.487",,"A"
127406,"2025-09-04 01:13:52.096",,"B"
127407,"2025-09-04 01:24:40.905",,"A"
127408,"2025-09-04 01:39:01.404",,"B"
127409,"2025-09-04 01:45:50.818",,"A"
127410,"2025-09-04 01:51:50.922",,"B"
127411,"2025-09-04 02:02:20.150","United States","A"
127412,"2025-09-04 02:21:43.017","United States","B"
127413,"2025-09-04 02:38:24.029",,"A"
127414,"2025-09-04 03:10:20.791",,"B"
127415,"2025-09-04 03:28:52.383",,"A"
127416,"2025-09-04 03:34:53.034",,"B"
128939,"2025-09-16 17:33:37.822",,"A"
128940,"2025-09-16 17:59:50.980",,"B"
128941,"2025-09-16 18:10:58.322",,"A"
128942,"2025-09-16 18:16:09.784",,"B"
128943,"2025-09-16 18:24:40.486",,"A"
128944,"2025-09-16 18:24:58.659",,"B"
128945,"2025-09-16 18:25:18.799",,"A"
128946,"2025-09-16 18:25:58.770",,"B"
128947,"2025-09-16 18:27:52.226",,"A"
128948,"2025-09-16 18:39:34.496",,"B"
128949,"2025-09-16 19:19:38.455","Germany","A"
128950,"2025-09-16 19:25:59.717",,"B"
128951,"2025-09-16 19:31:31.374",,"A"
128952,"2025-09-16 19:38:22.399",,"B"
128953,"2025-09-16 20:05:26.075",,"A"
128954,"2025-09-16 20:36:07.853",,"B"
128955,"2025-09-16 21:01:28.421","Italy","A"
128956,"2025-09-16 21:02:33.198",,"B"
128957,"2025-09-16 21:07:23.013",,"A"
128958,"2025-09-16 21:07:29.065",,"B"
128959,"2025-09-16 21:26:30.258",,"A"
128960,"2025-09-16 21:29:30.205",,"B"
128961,"2025-09-16 21:34:38.981",,"A"
128962,"2025-09-16 21:38:19.715",,"B"
128963,"2025-09-16 21:38:35.222",,"A"
128964,"2025-09-16 21:51:50.735",,"B"
128965,"2025-09-16 22:53:16.856",,"A"
128966,"2025-09-16 22:55:52.776",,"B"
128967,"2025-09-16 23:10:36.439",,"A"
128968,"2025-09-16 23:10:50.126",,"B"
128969,"2025-09-16 23:18:43.246",,"A"
128970,"2025-09-16 23:32:06.492",,"B"
127417,"2025-09-04 03:37:02.118",,"A"
127418,"2025-09-04 03:44:23.146",,"B"
127419,"2025-09-04 03:47:13.424",,"A"
127420,"2025-09-04 03:59:04.592",,"B"
127421,"2025-09-04 04:23:12.210",,"A"
127367,"2025-09-03 19:10:41.627",,"A"
127368,"2025-09-03 19:14:15.719",,"B"
127369,"2025-09-03 19:26:56.347",,"A"
127370,"2025-09-03 19:32:45.771",,"B"
127371,"2025-09-03 19:41:36.971","Cyprus","A"
127372,"2025-09-03 19:48:44.536",,"B"
127373,"2025-09-03 20:19:50.906",,"A"
127374,"2025-09-03 20:20:33.243",,"B"
127375,"2025-09-03 20:21:59.171",,"A"
127376,"2025-09-03 20:25:39.444",,"B"
127377,"2025-09-03 20:30:18.966",,"A"
127378,"2025-09-03 20:30:31.777",,"B"
127379,"2025-09-03 20:32:03.516",,"A"
127380,"2025-09-03 20:43:01.122",,"B"
127381,"2025-09-03 20:45:35.204",,"A"
127382,"2025-09-03 20:48:51.036",,"B"
127383,"2025-09-03 20:55:04.194","United States","A"
127384,"2025-09-03 21:03:42.186",,"B"
127385,"2025-09-03 21:21:18.606","Germany","A"
127386,"2025-09-03 21:23:37.101",,"B"
127387,"2025-09-03 21:37:59.922","United States","A"
127388,"2025-09-03 21:42:42.992",,"B"
127389,"2025-09-03 21:43:02.139",,"A"
127531,"2025-09-05 00:34:07.715",,"A"
127532,"2025-09-05 00:39:40.830",,"B"
127533,"2025-09-05 01:30:51.043",,"A"
127534,"2025-09-05 01:42:42.279",,"B"
127535,"2025-09-05 01:54:33.325",,"A"
127536,"2025-09-05 02:23:53.747",,"B"
127537,"2025-09-05 02:28:58.790",,"A"
127538,"2025-09-05 02:29:34.752",,"B"
127422,"2025-09-04 04:43:41.014",,"B"
127423,"2025-09-04 04:53:47.168",,"A"
127424,"2025-09-04 05:03:50.271","Chile","B"
127425,"2025-09-04 05:08:27.653",,"A"
127426,"2025-09-04 05:30:35.509",,"B"
127427,"2025-09-04 05:54:17.931",,"A"
127428,"2025-09-04 07:46:10.694",,"B"
127429,"2025-09-04 08:15:43.451",,"A"
127430,"2025-09-04 08:50:44.302","Spain","B"
127431,"2025-09-04 08:53:47.673",,"A"
127432,"2025-09-04 08:57:09.225",,"B"
127433,"2025-09-04 09:10:29.470",,"A"
127434,"2025-09-04 09:20:50.277",,"B"
127435,"2025-09-04 09:51:21.796",,"A"
127436,"2025-09-04 09:55:34.491",,"B"
127437,"2025-09-04 10:10:16.839",,"A"
127438,"2025-09-04 10:27:00.774",,"B"
127439,"2025-09-04 10:33:03.127","Slovenia","A"
127440,"2025-09-04 10:35:05.999",,"B"
127441,"2025-09-04 10:45:23.333",,"A"
127442,"2025-09-04 11:07:52.158",,"B"
127443,"2025-09-04 11:10:17.799",,"A"
127444,"2025-09-04 11:12:48.281",,"B"
127445,"2025-09-04 11:13:48.562",,"A"
127446,"2025-09-04 11:30:08.952",,"B"
127447,"2025-09-04 11:38:08.940",,"A"
127448,"2025-09-04 11:58:35.656",,"B"
128971,"2025-09-16 23:47:03.440",,"A"
128972,"2025-09-16 23:50:32.873",,"B"
128973,"2025-09-16 23:54:42.827",,"A"
128974,"2025-09-17 00:44:00.739",,"B"
128975,"2025-09-17 00:58:17.408",,"A"
128976,"2025-09-17 01:03:21.341",,"B"
128977,"2025-09-17 01:09:31.420",,"A"
128978,"2025-09-17 01:10:14.839",,"B"
128979,"2025-09-17 02:17:04.807","United States","A"
128980,"2025-09-17 02:58:46.512",,"B"
128981,"2025-09-17 03:02:53.600",,"A"
128982,"2025-09-17 03:10:22.086",,"B"
128983,"2025-09-17 03:12:46.620",,"A"
128984,"2025-09-17 03:14:29.580",,"B"
128985,"2025-09-17 03:15:39.582",,"A"
128986,"2025-09-17 03:16:03.502",,"B"
128987,"2025-09-17 03:17:39.538","United States","A"
128988,"2025-09-17 03:28:29.648",,"B"
128989,"2025-09-17 03:34:17.313","United Kingdom","A"
128990,"2025-09-17 04:02:06.358",,"B"
128991,"2025-09-17 04:12:01.876",,"A"
128992,"2025-09-17 04:57:25.596",,"B"
129216,"2025-09-18 19:23:04.712",,"B"
129217,"2025-09-18 19:28:44.940",,"A"
129218,"2025-09-18 19:29:54.149",,"B"
129219,"2025-09-18 19:42:25.943",,"A"
129220,"2025-09-18 19:54:37.547",,"B"
129221,"2025-09-18 19:56:07.010",,"A"
129224,"2025-09-18 19:57:27.822",,"B"
129225,"2025-09-18 20:02:49.080",,"A"
129226,"2025-09-18 20:17:36.522",,"B"
129227,"2025-09-18 20:20:10.997","France","A"
127449,"2025-09-04 12:21:44.663",,"A"
127450,"2025-09-04 12:43:17.526",,"B"
127451,"2025-09-04 12:53:16.448",,"A"
127539,"2025-09-05 02:32:03.869",,"A"
127540,"2025-09-05 02:52:53.801",,"B"
127541,"2025-09-05 02:59:13.969",,"A"
127542,"2025-09-05 03:39:07.781",,"B"
127543,"2025-09-05 03:48:05.304",,"A"
127544,"2025-09-05 04:29:15.032",,"B"
127545,"2025-09-05 04:32:02.437",,"A"
127546,"2025-09-05 04:45:29.772",,"B"
127547,"2025-09-05 05:03:18.336",,"A"
127548,"2025-09-05 05:29:26.001",,"B"
127549,"2025-09-05 05:37:21.412",,"A"
127550,"2025-09-05 05:47:44.021",,"B"
127551,"2025-09-05 05:49:52.803",,"A"
127552,"2025-09-05 06:09:38.321",,"B"
127553,"2025-09-05 06:40:03.977",,"A"
127554,"2025-09-05 06:48:54.587",,"B"
127555,"2025-09-05 07:02:54.732",,"A"
127556,"2025-09-05 07:03:47.335",,"B"
127557,"2025-09-05 08:30:43.348",,"A"
127558,"2025-09-05 08:32:25.673",,"B"
127559,"2025-09-05 09:18:37.920",,"A"
127560,"2025-09-05 09:48:50.906",,"B"
127561,"2025-09-05 09:55:11.983",,"A"
127562,"2025-09-05 10:14:11.948","Italy","B"
127563,"2025-09-05 10:20:40.127",,"A"
127564,"2025-09-05 10:29:42.666",,"B"
127565,"2025-09-05 10:40:19.120",,"A"
127566,"2025-09-05 10:44:26.501",,"B"
127567,"2025-09-05 10:45:56.313",,"A"
127568,"2025-09-05 10:50:03.408",,"B"
127569,"2025-09-05 10:59:28.176",,"A"
127452,"2025-09-04 12:59:32.172",,"B"
127453,"2025-09-04 13:24:55.003",,"A"
127454,"2025-09-04 13:50:29.561",,"B"
127455,"2025-09-04 13:55:48.983","Germany","A"
127456,"2025-09-04 13:56:18.823",,"B"
127595,"2025-09-05 13:47:13.402",,"A"
127596,"2025-09-05 13:52:23.847",,"B"
127597,"2025-09-05 13:55:35.368","United Kingdom","A"
127598,"2025-09-05 13:57:05.745",,"B"
127599,"2025-09-05 14:02:47.358",,"A"
127600,"2025-09-05 14:20:22.764",,"B"
127601,"2025-09-05 14:26:40.791",,"A"
127602,"2025-09-05 14:33:50.736",,"B"
127603,"2025-09-05 14:34:08.370",,"A"
127604,"2025-09-05 14:39:44.748",,"B"
127606,"2025-09-05 15:12:11.443",,"B"
127607,"2025-09-05 15:17:41.367",,"A"
127608,"2025-09-05 15:19:25.407",,"B"
127609,"2025-09-05 15:23:38.621",,"A"
127610,"2025-09-05 15:24:31.805","Italy","B"
127611,"2025-09-05 15:34:56.941",,"A"
127612,"2025-09-05 15:45:12.480",,"B"
127613,"2025-09-05 15:47:15.444",,"A"
127614,"2025-09-05 16:04:26.026",,"B"
127615,"2025-09-05 16:07:51.492",,"A"
127616,"2025-09-05 16:11:29.847",,"B"
129228,"2025-09-18 20:31:59.414",,"B"
129229,"2025-09-18 20:56:42.346",,"A"
129230,"2025-09-18 21:05:27.051",,"B"
129231,"2025-09-18 21:18:16.001",,"A"
129232,"2025-09-18 21:50:12.472",,"B"
129233,"2025-09-18 21:53:26.765",,"A"
129234,"2025-09-18 22:12:04.878",,"B"
129235,"2025-09-18 22:22:44.597",,"A"
129236,"2025-09-18 22:26:05.112","New Zealand","B"
129237,"2025-09-18 22:40:28.463",,"A"
129238,"2025-09-18 22:51:07.775","Mexico","B"
129239,"2025-09-18 23:34:03.114",,"A"
129240,"2025-09-18 23:39:36.529",,"B"
129241,"2025-09-18 23:56:16.980","Canada","A"
129242,"2025-09-18 23:56:51.092",,"B"
129243,"2025-09-19 00:07:55.822",,"A"
129244,"2025-09-19 00:19:15.678",,"B"
129245,"2025-09-19 00:21:45.154",,"A"
129246,"2025-09-19 00:26:18.240",,"B"
129247,"2025-09-19 00:44:36.562","Philippines","A"
129248,"2025-09-19 00:46:50.293",,"B"
129249,"2025-09-19 01:07:14.122",,"A"
129250,"2025-09-19 01:08:38.593",,"B"
129251,"2025-09-19 01:09:51.621",,"A"
129252,"2025-09-19 01:24:38.427",,"B"
129253,"2025-09-19 01:28:37.229",,"A"
129254,"2025-09-19 01:39:35.207","Brazil","B"
129255,"2025-09-19 02:04:50.588","France","A"
129256,"2025-09-19 02:31:03.383","United States","B"
129257,"2025-09-19 02:37:43.774",,"A"
127617,"2025-09-05 16:20:02.194",,"A"
127618,"2025-09-05 16:23:12.890",,"B"
127619,"2025-09-05 16:34:18.019",,"A"
127620,"2025-09-05 16:45:30.304",,"B"
127621,"2025-09-05 16:46:58.082",,"A"
127622,"2025-09-05 16:47:10.201","United States","B"
127623,"2025-09-05 16:48:15.834","Slovakia","A"
127570,"2025-09-05 11:06:12.842",,"B"
127571,"2025-09-05 11:11:03.148",,"A"
127572,"2025-09-05 11:12:59.451",,"B"
127573,"2025-09-05 11:24:03.920",,"A"
127574,"2025-09-05 11:31:58.842",,"B"
127575,"2025-09-05 11:34:03.065",,"A"
127576,"2025-09-05 11:37:09.068",,"B"
127577,"2025-09-05 11:56:23.092",,"A"
127578,"2025-09-05 11:58:56.503",,"B"
127579,"2025-09-05 12:08:57.444",,"A"
127580,"2025-09-05 12:15:44.541",,"B"
127581,"2025-09-05 12:34:02.527",,"A"
127582,"2025-09-05 12:41:22.699",,"B"
127583,"2025-09-05 12:48:50.054",,"A"
127584,"2025-09-05 12:49:29.390",,"B"
127585,"2025-09-05 12:51:10.338",,"A"
127586,"2025-09-05 12:56:00.765",,"B"
127587,"2025-09-05 12:58:38.374",,"A"
127588,"2025-09-05 12:59:21.377",,"B"
127589,"2025-09-05 13:04:09.876","United Kingdom","A"
127590,"2025-09-05 13:12:44.719",,"B"
127591,"2025-09-05 13:13:20.315","Brazil","A"
127592,"2025-09-05 13:21:46.777",,"B"
127593,"2025-09-05 13:26:16.914",,"A"
127594,"2025-09-05 13:27:43.214",,"B"
127736,"2025-09-06 17:47:32.604",,"B"
127737,"2025-09-06 18:01:21.660",,"A"
127738,"2025-09-06 18:07:12.769",,"B"
127739,"2025-09-06 18:13:22.165","United Kingdom","A"
127740,"2025-09-06 18:15:59.449",,"B"
127741,"2025-09-06 18:39:44.832",,"A"
127742,"2025-09-06 18:40:26.878",,"B"
127743,"2025-09-06 18:42:10.599",,"A"
127624,"2025-09-05 16:49:16.985",,"B"
127625,"2025-09-05 17:19:57.431",,"A"
127626,"2025-09-05 17:26:47.113",,"B"
127627,"2025-09-05 17:48:14.692",,"A"
127629,"2025-09-05 18:03:28.701",,"A"
127630,"2025-09-05 18:12:25.188",,"B"
127631,"2025-09-05 18:14:29.257","Netherlands","A"
127632,"2025-09-05 18:29:45.476",,"B"
127633,"2025-09-05 18:32:07.668",,"A"
127634,"2025-09-05 18:33:54.301",,"B"
127635,"2025-09-05 18:37:30.213","Finland","A"
127636,"2025-09-05 18:48:31.119",,"B"
127637,"2025-09-05 18:50:33.579",,"A"
127638,"2025-09-05 18:51:30.815",,"B"
127639,"2025-09-05 18:56:22.106",,"A"
127640,"2025-09-05 19:08:20.398",,"B"
127641,"2025-09-05 19:13:40.466",,"A"
127643,"2025-09-05 19:51:02.539",,"A"
127644,"2025-09-05 20:14:28.618",,"B"
127645,"2025-09-05 20:15:03.967",,"A"
127646,"2025-09-05 20:20:00.066",,"B"
127647,"2025-09-05 20:22:03.843",,"A"
127648,"2025-09-05 20:24:24.196",,"B"
127649,"2025-09-05 21:04:57.207","United States","A"
127650,"2025-09-05 21:21:46.723",,"B"
127651,"2025-09-05 21:22:51.092",,"A"
129258,"2025-09-19 02:47:06.341",,"B"
129259,"2025-09-19 03:00:10.954",,"A"
129260,"2025-09-19 03:26:22.341",,"B"
129261,"2025-09-19 03:27:34.611",,"A"
129262,"2025-09-19 03:32:14.956",,"B"
129263,"2025-09-19 03:39:18.830",,"A"
129264,"2025-09-19 03:51:15.589",,"B"
129265,"2025-09-19 04:13:36.925",,"A"
129266,"2025-09-19 04:27:43.465",,"B"
129267,"2025-09-19 04:43:59.267",,"A"
129268,"2025-09-19 04:48:32.919",,"B"
129269,"2025-09-19 05:15:15.057",,"A"
129270,"2025-09-19 05:15:46.951",,"B"
129271,"2025-09-19 05:48:06.791",,"A"
129272,"2025-09-19 05:50:30.003",,"B"
129273,"2025-09-19 05:52:12.091",,"A"
129274,"2025-09-19 06:00:28.348",,"B"
129275,"2025-09-19 06:23:00.036",,"A"
129276,"2025-09-19 06:29:20.482",,"B"
129277,"2025-09-19 06:31:00.580",,"A"
129278,"2025-09-19 06:42:27.656",,"B"
129279,"2025-09-19 06:43:16.730",,"A"
129280,"2025-09-19 06:46:11.629",,"B"
129281,"2025-09-19 07:00:36.048",,"A"
129282,"2025-09-19 07:23:58.573",,"B"
129283,"2025-09-19 07:29:47.058",,"A"
129284,"2025-09-19 07:31:31.524",,"B"
129285,"2025-09-19 08:30:35.950",,"A"
129286,"2025-09-19 08:55:24.328",,"B"
129287,"2025-09-19 09:15:24.625",,"A"
129288,"2025-09-19 09:17:43.535","Italy","B"
129289,"2025-09-19 09:20:21.522",,"A"
129290,"2025-09-19 09:35:28.762",,"B"
129291,"2025-09-19 09:50:38.474",,"A"
127652,"2025-09-05 21:36:37.444",,"B"
127653,"2025-09-05 21:40:07.294",,"A"
127654,"2025-09-05 21:55:41.969",,"B"
127655,"2025-09-05 21:56:49.423",,"A"
127656,"2025-09-05 21:59:40.068",,"B"
127657,"2025-09-05 22:46:08.756",,"A"
127658,"2025-09-05 22:48:30.224",,"B"
127659,"2025-09-05 22:52:54.271",,"A"
127744,"2025-09-06 18:45:31.769",,"B"
127745,"2025-09-06 18:52:31.679",,"A"
127746,"2025-09-06 19:20:13.720",,"B"
127747,"2025-09-06 19:24:27.978",,"A"
127748,"2025-09-06 19:26:39.474",,"B"
127749,"2025-09-06 19:28:20.624",,"A"
127750,"2025-09-06 19:30:21.544",,"B"
127751,"2025-09-06 19:32:05.994",,"A"
127752,"2025-09-06 19:37:26.398",,"B"
127753,"2025-09-06 19:56:01.495",,"A"
127754,"2025-09-06 20:37:13.833",,"B"
127755,"2025-09-06 20:41:05.212",,"A"
127756,"2025-09-06 20:48:52.567",,"B"
127757,"2025-09-06 20:49:28.994",,"A"
127758,"2025-09-06 20:51:01.334",,"B"
127759,"2025-09-06 20:55:15.667",,"A"
127760,"2025-09-06 20:58:40.705",,"B"
127761,"2025-09-06 21:00:03.866",,"A"
127762,"2025-09-06 21:16:16.790",,"B"
127763,"2025-09-06 21:18:46.414",,"A"
127764,"2025-09-06 21:24:26.778",,"B"
127765,"2025-09-06 21:33:15.906",,"A"
127766,"2025-09-06 21:33:45.456",,"B"
127767,"2025-09-06 22:27:42.293",,"A"
127768,"2025-09-06 22:32:29.650",,"B"
127769,"2025-09-06 22:46:37.117",,"A"
127770,"2025-09-06 22:49:17.830",,"B"
127771,"2025-09-06 23:41:08.776",,"A"
127772,"2025-09-06 23:46:39.411",,"B"
127773,"2025-09-06 23:50:33.897",,"A"
127774,"2025-09-06 23:51:52.191",,"B"
127775,"2025-09-06 23:55:33.358",,"A"
127776,"2025-09-06 23:59:48.773",,"B"
127777,"2025-09-07 00:21:12.100",,"A"
127778,"2025-09-07 00:22:12.995",,"B"
127660,"2025-09-05 23:04:50.032",,"B"
127661,"2025-09-05 23:05:53.933",,"A"
127662,"2025-09-05 23:08:27.595",,"B"
127663,"2025-09-05 23:13:19.126",,"A"
127801,"2025-09-07 05:13:19.504",,"A"
127802,"2025-09-07 06:54:32.615",,"B"
127803,"2025-09-07 07:11:51.686","Italy","A"
127804,"2025-09-07 07:16:26.753",,"B"
127805,"2025-09-07 07:32:49.627",,"A"
127806,"2025-09-07 07:34:27.400",,"B"
127807,"2025-09-07 07:40:54.087","Germany","A"
127808,"2025-09-07 08:19:36.844",,"B"
127809,"2025-09-07 08:23:01.515",,"A"
127810,"2025-09-07 08:35:52.553",,"B"
127811,"2025-09-07 09:10:59.236",,"A"
127812,"2025-09-07 09:18:48.328",,"B"
127813,"2025-09-07 09:35:48.376",,"A"
127814,"2025-09-07 09:42:01.880",,"B"
127815,"2025-09-07 09:50:50.963",,"A"
127816,"2025-09-07 10:05:50.952",,"B"
127817,"2025-09-07 10:19:07.697",,"A"
127818,"2025-09-07 10:26:10.125",,"B"
127819,"2025-09-07 10:28:55.261",,"A"
129292,"2025-09-19 09:55:18.954","Australia","B"
129293,"2025-09-19 10:10:11.333",,"A"
129294,"2025-09-19 10:37:14.387",,"B"
129295,"2025-09-19 10:41:41.285",,"A"
129435,"2025-09-20 17:04:05.696",,"A"
129436,"2025-09-20 17:40:27.055",,"B"
129437,"2025-09-20 17:47:45.697",,"A"
129438,"2025-09-20 18:07:49.453",,"B"
129439,"2025-09-20 18:18:12.797",,"A"
129440,"2025-09-20 18:40:31.805",,"B"
129441,"2025-09-20 19:07:31.811",,"A"
129442,"2025-09-20 19:13:21.310",,"B"
129443,"2025-09-20 19:25:07.849",,"A"
129444,"2025-09-20 19:30:28.329",,"B"
129445,"2025-09-20 19:47:41.895",,"A"
129446,"2025-09-20 19:49:00.044",,"B"
129447,"2025-09-20 20:13:52.140",,"A"
129448,"2025-09-20 20:20:07.423",,"B"
129449,"2025-09-20 20:23:34.004",,"A"
129450,"2025-09-20 20:48:25.976",,"B"
129451,"2025-09-20 21:18:04.115",,"A"
129452,"2025-09-20 21:44:22.995","United States","B"
129453,"2025-09-20 21:52:14.797",,"A"
129454,"2025-09-20 22:13:21.744",,"B"
129455,"2025-09-20 22:39:15.980",,"A"
129456,"2025-09-20 22:46:54.349","Mexico","B"
129457,"2025-09-20 22:50:00.355",,"A"
129458,"2025-09-20 22:52:33.701",,"B"
129459,"2025-09-20 22:58:46.177","United States","A"
129460,"2025-09-20 23:18:50.550",,"B"
129461,"2025-09-20 23:19:10.163",,"A"
129462,"2025-09-20 23:21:43.664",,"B"
127820,"2025-09-07 10:58:33.399",,"B"
127821,"2025-09-07 10:59:09.883",,"A"
127822,"2025-09-07 11:09:42.122",,"B"
127823,"2025-09-07 11:37:13.806",,"A"
127824,"2025-09-07 11:48:20.976",,"B"
127825,"2025-09-07 11:59:05.657",,"A"
127826,"2025-09-07 12:00:33.063",,"B"
127827,"2025-09-07 12:14:33.195",,"A"
127828,"2025-09-07 12:17:48.747",,"B"
127829,"2025-09-07 12:28:06.024",,"A"
127779,"2025-09-07 00:31:15.816",,"A"
127780,"2025-09-07 00:50:36.921",,"B"
127781,"2025-09-07 00:55:27.321",,"A"
127782,"2025-09-07 01:20:20.935",,"B"
127783,"2025-09-07 01:26:29.839",,"A"
127784,"2025-09-07 01:29:56.338",,"B"
127785,"2025-09-07 01:39:48.187","Germany","A"
127786,"2025-09-07 01:47:54.494",,"B"
127787,"2025-09-07 02:12:07.661",,"A"
127788,"2025-09-07 02:13:28.602",,"B"
127789,"2025-09-07 02:36:56.620","Brazil","A"
127790,"2025-09-07 02:38:55.174",,"B"
127791,"2025-09-07 02:48:03.422",,"A"
127792,"2025-09-07 02:55:28.110",,"B"
127793,"2025-09-07 03:30:33.032",,"A"
127794,"2025-09-07 03:35:20.671",,"B"
127795,"2025-09-07 03:52:41.712",,"A"
127796,"2025-09-07 04:02:49.776",,"B"
127797,"2025-09-07 04:04:07.855",,"A"
127798,"2025-09-07 04:05:50.097",,"B"
127799,"2025-09-07 04:12:52.099",,"A"
127800,"2025-09-07 04:56:54.188",,"B"
127933,"2025-09-08 04:18:32.997",,"A"
127934,"2025-09-08 04:37:38.526",,"B"
127935,"2025-09-08 04:53:59.934",,"A"
127936,"2025-09-08 05:29:23.633",,"B"
127937,"2025-09-08 05:43:12.851",,"A"
127938,"2025-09-08 05:53:52.540",,"B"
127939,"2025-09-08 05:58:32.136",,"A"
127940,"2025-09-08 06:03:57.330",,"B"
127941,"2025-09-08 06:49:39.732",,"A"
127942,"2025-09-08 07:17:02.170",,"B"
127943,"2025-09-08 07:39:19.147",,"A"
127830,"2025-09-07 12:34:22.833",,"B"
127831,"2025-09-07 12:39:06.511",,"A"
127832,"2025-09-07 13:03:22.160",,"B"
127833,"2025-09-07 13:08:54.545",,"A"
127834,"2025-09-07 13:21:46.158",,"B"
127835,"2025-09-07 13:32:47.280",,"A"
127836,"2025-09-07 13:33:00.535",,"B"
127837,"2025-09-07 13:35:26.867",,"A"
127838,"2025-09-07 13:56:34.241",,"B"
127839,"2025-09-07 14:00:54.965",,"A"
127840,"2025-09-07 14:01:35.482",,"B"
127841,"2025-09-07 14:13:24.933","India","A"
127842,"2025-09-07 14:14:21.052",,"B"
127843,"2025-09-07 14:19:09.328",,"A"
127844,"2025-09-07 14:32:15.914",,"B"
127845,"2025-09-07 14:33:47.673",,"A"
127846,"2025-09-07 14:39:34.708",,"B"
127847,"2025-09-07 14:46:26.671",,"A"
127848,"2025-09-07 14:47:27.120",,"B"
127849,"2025-09-07 14:57:16.568",,"A"
127850,"2025-09-07 15:10:30.919",,"B"
127851,"2025-09-07 15:11:45.329",,"A"
129463,"2025-09-21 00:29:52.553",,"A"
129464,"2025-09-21 00:43:42.888",,"B"
129465,"2025-09-21 01:02:52.338","United States","A"
129466,"2025-09-21 01:09:35.485",,"B"
129467,"2025-09-21 01:17:59.504",,"A"
129468,"2025-09-21 02:07:21.280",,"B"
129469,"2025-09-21 02:16:17.425",,"A"
129470,"2025-09-21 02:57:28.334","United States","B"
129471,"2025-09-21 02:57:46.102",,"A"
129472,"2025-09-21 02:58:43.703",,"B"
129473,"2025-09-21 03:00:08.197",,"A"
129474,"2025-09-21 03:01:47.864",,"B"
129475,"2025-09-21 03:16:35.815",,"A"
129476,"2025-09-21 03:47:39.888",,"B"
129477,"2025-09-21 03:51:33.360",,"A"
129478,"2025-09-21 04:00:23.367",,"B"
129479,"2025-09-21 05:06:02.332",,"A"
129480,"2025-09-21 05:19:41.248",,"B"
129481,"2025-09-21 05:39:02.876",,"A"
129482,"2025-09-21 05:56:35.423",,"B"
129483,"2025-09-21 05:57:46.320",,"A"
129484,"2025-09-21 06:03:36.668",,"B"
129485,"2025-09-21 06:20:22.096",,"A"
129486,"2025-09-21 06:52:37.640",,"B"
129487,"2025-09-21 07:10:35.428",,"A"
129488,"2025-09-21 07:17:48.973",,"B"
129489,"2025-09-21 07:21:56.518",,"A"
129490,"2025-09-21 07:27:34.638",,"B"
129491,"2025-09-21 07:27:39.786",,"A"
129492,"2025-09-21 07:40:08.634",,"B"
129493,"2025-09-21 07:45:14.281",,"A"
129494,"2025-09-21 08:17:47.741",,"B"
127852,"2025-09-07 15:25:04.958",,"B"
127853,"2025-09-07 15:28:50.911",,"A"
127854,"2025-09-07 15:31:47.804",,"B"
127855,"2025-09-07 15:38:03.697",,"A"
127856,"2025-09-07 15:43:04.240",,"B"
127857,"2025-09-07 15:44:10.386",,"A"
127858,"2025-09-07 16:23:44.662",,"B"
127859,"2025-09-07 16:24:56.895",,"A"
127860,"2025-09-07 16:50:47.786",,"B"
127861,"2025-09-07 16:58:16.640",,"A"
127862,"2025-09-07 16:59:36.255",,"B"
127944,"2025-09-08 08:02:37.661","Poland","B"
127945,"2025-09-08 08:22:32.103",,"A"
127946,"2025-09-08 08:42:21.931",,"B"
127947,"2025-09-08 09:05:54.082",,"A"
127948,"2025-09-08 09:20:31.967",,"B"
127949,"2025-09-08 09:26:52.136","United Kingdom","A"
127950,"2025-09-08 09:30:36.818",,"B"
127951,"2025-09-08 10:02:47.916",,"A"
127952,"2025-09-08 10:02:50.349",,"B"
127953,"2025-09-08 10:26:54.564",,"A"
127954,"2025-09-08 10:50:10.882","Poland","B"
127955,"2025-09-08 11:18:07.744",,"A"
127956,"2025-09-08 11:34:58.978",,"B"
127957,"2025-09-08 11:44:24.737",,"A"
127958,"2025-09-08 11:56:13.381",,"B"
127959,"2025-09-08 11:56:23.909",,"A"
127960,"2025-09-08 11:58:31.825",,"B"
127961,"2025-09-08 12:00:23.992",,"A"
127962,"2025-09-08 12:03:57.909",,"B"
127963,"2025-09-08 12:48:21.707",,"A"
127964,"2025-09-08 12:50:38.652",,"B"
127965,"2025-09-08 12:59:52.648",,"A"
127966,"2025-09-08 13:00:47.109",,"B"
127967,"2025-09-08 13:25:34.988",,"A"
127968,"2025-09-08 13:27:20.339",,"B"
127969,"2025-09-08 13:34:38.459",,"A"
127970,"2025-09-08 13:37:58.921",,"B"
127971,"2025-09-08 13:50:34.901",,"A"
127972,"2025-09-08 13:53:24.542",,"B"
127973,"2025-09-08 13:58:11.187",,"A"
127974,"2025-09-08 14:21:47.112",,"B"
127975,"2025-09-08 14:23:44.617",,"A"
127976,"2025-09-08 14:30:04.977",,"B"
127863,"2025-09-07 17:10:58.497",,"A"
127864,"2025-09-07 17:11:12.390",,"B"
127865,"2025-09-07 17:22:40.512",,"A"
127866,"2025-09-07 17:23:54.113",,"B"
128010,"2025-09-08 20:03:01.527",,"B"
128011,"2025-09-08 20:25:32.439",,"A"
128012,"2025-09-08 20:36:39.506",,"B"
128013,"2025-09-08 20:49:01.777",,"A"
128014,"2025-09-08 20:49:45.704",,"B"
128015,"2025-09-08 21:01:22.061",,"A"
128016,"2025-09-08 21:05:04.224",,"B"
128017,"2025-09-08 21:17:07.259",,"A"
128019,"2025-09-08 21:28:27.190",,"A"
128020,"2025-09-08 21:44:18.893",,"B"
128021,"2025-09-08 21:50:54.166",,"A"
128022,"2025-09-08 22:04:56.584",,"B"
128023,"2025-09-08 22:14:46.224",,"A"
128024,"2025-09-08 22:18:37.785",,"B"
128025,"2025-09-08 23:07:27.231",,"A"
128026,"2025-09-08 23:14:01.719",,"B"
128027,"2025-09-08 23:24:26.948",,"A"
128028,"2025-09-08 23:42:59.129",,"B"
128029,"2025-09-08 23:55:15.252",,"A"
128030,"2025-09-09 00:18:29.883",,"B"
129495,"2025-09-21 09:03:38.445",,"A"
129496,"2025-09-21 09:05:30.669",,"B"
129497,"2025-09-21 09:52:15.182",,"A"
129498,"2025-09-21 10:03:12.034",,"B"
129499,"2025-09-21 10:33:47.720","India","A"
129500,"2025-09-21 10:33:53.970",,"B"
129501,"2025-09-21 10:34:00.183",,"A"
129502,"2025-09-21 10:34:37.492",,"B"
129637,"2025-09-22 08:55:11.971",,"A"
129638,"2025-09-22 09:03:05.564",,"B"
129639,"2025-09-22 09:18:32.935",,"A"
129640,"2025-09-22 09:19:51.845",,"B"
129641,"2025-09-22 09:44:27.972",,"A"
129642,"2025-09-22 09:56:23.148",,"B"
129643,"2025-09-22 09:59:45.724",,"A"
129644,"2025-09-22 10:47:19.696",,"B"
129645,"2025-09-22 10:55:10.369",,"A"
129646,"2025-09-22 11:24:47.007",,"B"
129647,"2025-09-22 11:27:26.219",,"A"
129648,"2025-09-22 11:30:55.274",,"B"
129649,"2025-09-22 11:32:09.482",,"A"
129650,"2025-09-22 11:53:13.773",,"B"
129651,"2025-09-22 12:05:39.141",,"A"
129652,"2025-09-22 12:13:04.903",,"B"
129653,"2025-09-22 12:14:34.922",,"A"
129654,"2025-09-22 12:18:59.464",,"B"
129655,"2025-09-22 12:23:12.827",,"A"
129656,"2025-09-22 12:29:31.306",,"B"
129657,"2025-09-22 12:36:55.321",,"A"
129658,"2025-09-22 12:43:59.492",,"B"
129659,"2025-09-22 13:05:36.376",,"A"
129660,"2025-09-22 13:08:00.058",,"B"
129661,"2025-09-22 13:20:52.202",,"A"
129662,"2025-09-22 13:24:10.278",,"B"
129663,"2025-09-22 13:29:42.696",,"A"
128031,"2025-09-09 00:21:40.265",,"A"
128032,"2025-09-09 00:23:38.596",,"B"
128033,"2025-09-09 00:34:26.197",,"A"
128034,"2025-09-09 00:42:45.694",,"B"
128035,"2025-09-09 00:52:38.821",,"A"
128036,"2025-09-09 01:13:50.384",,"B"
128037,"2025-09-09 01:24:22.837",,"A"
128038,"2025-09-09 01:28:44.335",,"B"
127977,"2025-09-08 14:33:33.006",,"A"
127978,"2025-09-08 14:36:14.045","Canada","B"
127979,"2025-09-08 14:57:18.948",,"A"
127980,"2025-09-08 15:07:53.148",,"B"
127981,"2025-09-08 15:36:04.667",,"A"
127982,"2025-09-08 15:37:29.566",,"B"
127983,"2025-09-08 15:37:39.454",,"A"
127984,"2025-09-08 15:42:29.137",,"B"
127985,"2025-09-08 15:43:29.562",,"A"
127986,"2025-09-08 16:04:50.331",,"B"
127987,"2025-09-08 16:08:59.769",,"A"
127988,"2025-09-08 16:15:20.006",,"B"
127989,"2025-09-08 16:18:10.807",,"A"
127990,"2025-09-08 16:50:52.922","Colombia","B"
127991,"2025-09-08 16:52:20.323",,"A"
127992,"2025-09-08 16:58:51.466","United States","B"
127993,"2025-09-08 17:14:14.153",,"A"
127994,"2025-09-08 17:16:10.533",,"B"
127995,"2025-09-08 18:10:06.453","France","A"
127996,"2025-09-08 18:18:56.018",,"B"
127997,"2025-09-08 18:41:12.756",,"A"
127998,"2025-09-08 18:46:23.683",,"B"
127999,"2025-09-08 18:49:55.499",,"A"
128000,"2025-09-08 18:53:48.648",,"B"
128001,"2025-09-08 18:57:07.933",,"A"
128002,"2025-09-08 19:11:46.396",,"B"
128003,"2025-09-08 19:26:33.433",,"A"
128004,"2025-09-08 19:34:58.497",,"B"
128005,"2025-09-08 19:37:50.568",,"A"
128006,"2025-09-08 19:39:59.682",,"B"
128007,"2025-09-08 19:41:03.294",,"A"
128008,"2025-09-08 19:41:27.296",,"B"
128009,"2025-09-08 19:57:10.856",,"A"
128039,"2025-09-09 01:33:25.730",,"A"
128040,"2025-09-09 01:39:24.091",,"B"
128041,"2025-09-09 01:44:14.438",,"A"
128042,"2025-09-09 01:48:59.474",,"B"
128043,"2025-09-09 01:49:23.057",,"A"
128044,"2025-09-09 01:55:15.045",,"B"
128045,"2025-09-09 01:56:22.027",,"A"
128046,"2025-09-09 01:57:03.928","United States","B"
128047,"2025-09-09 02:10:11.868",,"A"
128048,"2025-09-09 02:55:57.433",,"B"
128049,"2025-09-09 03:03:17.998",,"A"
128050,"2025-09-09 03:18:05.109",,"B"
128051,"2025-09-09 03:22:26.945",,"A"
128052,"2025-09-09 03:36:15.278",,"B"
128053,"2025-09-09 03:47:41.068",,"A"
128054,"2025-09-09 04:18:21.059",,"B"
128055,"2025-09-09 04:34:45.284",,"A"
128056,"2025-09-09 04:35:34.215",,"B"
128057,"2025-09-09 04:43:31.774",,"A"
128058,"2025-09-09 05:04:53.055","United States","B"
128059,"2025-09-09 05:12:58.532",,"A"
128060,"2025-09-09 05:42:12.892",,"B"
128061,"2025-09-09 05:46:28.688",,"A"
128062,"2025-09-09 05:56:16.509",,"B"
129664,"2025-09-22 13:38:41.385",,"B"
129665,"2025-09-22 13:41:43.520",,"A"
129666,"2025-09-22 13:51:03.346",,"B"
129667,"2025-09-22 13:51:31.072",,"A"
129668,"2025-09-22 13:56:48.072",,"B"
129669,"2025-09-22 14:03:15.415",,"A"
129670,"2025-09-22 14:13:06.250",,"B"
129671,"2025-09-22 14:31:31.147",,"A"
129672,"2025-09-22 14:45:16.465",,"B"
129673,"2025-09-22 14:45:45.714","United States","A"
129674,"2025-09-22 14:48:16.680",,"B"
129675,"2025-09-22 15:18:47.616",,"A"
129676,"2025-09-22 15:34:01.675",,"B"
129677,"2025-09-22 15:34:45.566",,"A"
129678,"2025-09-22 15:34:50.552",,"B"
129679,"2025-09-22 15:40:19.197","United Kingdom","A"
129680,"2025-09-22 15:48:58.704",,"B"
129681,"2025-09-22 15:58:30.597",,"A"
129682,"2025-09-22 16:04:26.694",,"B"
129683,"2025-09-22 16:09:22.091",,"A"
129684,"2025-09-22 16:11:06.689",,"B"
129685,"2025-09-22 16:12:33.055",,"A"
129686,"2025-09-22 16:38:48.685",,"B"
129687,"2025-09-22 16:42:07.320",,"A"
129688,"2025-09-22 16:44:02.998",,"B"
129689,"2025-09-22 16:47:21.185",,"A"
129690,"2025-09-22 16:56:27.417",,"B"
129691,"2025-09-22 17:00:52.398",,"A"
129692,"2025-09-22 17:11:41.576",,"B"
129693,"2025-09-22 17:12:20.179",,"A"
129694,"2025-09-22 17:18:01.629",,"B"
129695,"2025-09-22 17:30:33.039","France","A"
129696,"2025-09-22 17:36:37.001",,"B"
128063,"2025-09-09 05:59:28.284","Italy","A"
128064,"2025-09-09 06:13:20.050",,"B"
128065,"2025-09-09 06:17:42.420",,"A"
128066,"2025-09-09 06:22:06.126",,"B"
128067,"2025-09-09 06:22:55.334",,"A"
128156,"2025-09-09 21:19:08.096",,"B"
128157,"2025-09-09 21:48:02.089",,"A"
128158,"2025-09-09 21:49:34.471",,"B"
128159,"2025-09-09 21:52:29.048",,"A"
128160,"2025-09-09 22:11:30.555",,"B"
128161,"2025-09-09 22:15:56.452",,"A"
128162,"2025-09-09 22:31:07.303","United States","B"
128163,"2025-09-09 22:46:49.022",,"A"
128164,"2025-09-09 22:47:48.902",,"B"
128165,"2025-09-09 22:51:55.643",,"A"
128166,"2025-09-09 23:09:06.694","United States","B"
128167,"2025-09-09 23:13:16.854",,"A"
128168,"2025-09-09 23:23:35.100",,"B"
128169,"2025-09-09 23:32:40.046",,"A"
128170,"2025-09-10 00:03:17.286",,"B"
128171,"2025-09-10 00:28:30.153",,"A"
128172,"2025-09-10 00:50:50.701","Chile","B"
128173,"2025-09-10 01:21:11.885",,"A"
128174,"2025-09-10 01:33:59.128",,"B"
128175,"2025-09-10 01:37:22.677","Brazil","A"
128176,"2025-09-10 01:55:29.890",,"B"
128177,"2025-09-10 02:06:44.819","Brazil","A"
128178,"2025-09-10 02:08:31.834",,"B"
128179,"2025-09-10 02:18:24.780",,"A"
128180,"2025-09-10 02:31:30.929",,"B"
128181,"2025-09-10 02:38:42.167",,"A"
128182,"2025-09-10 02:57:57.157",,"B"
128183,"2025-09-10 02:59:10.264",,"A"
128184,"2025-09-10 03:06:49.442",,"B"
128068,"2025-09-09 06:44:58.440",,"B"
128069,"2025-09-09 07:32:11.892","Vietnam","A"
128070,"2025-09-09 07:51:36.884",,"B"
128071,"2025-09-09 08:02:37.747",,"A"
128072,"2025-09-09 08:05:51.214",,"B"
128073,"2025-09-09 08:20:49.288",,"A"
128074,"2025-09-09 08:25:37.405",,"B"
128075,"2025-09-09 08:51:54.823",,"A"
128076,"2025-09-09 08:54:34.190",,"B"
128077,"2025-09-09 08:56:52.270",,"A"
128079,"2025-09-09 09:27:12.847",,"A"
128080,"2025-09-09 09:31:52.313","Spain","B"
128081,"2025-09-09 09:34:45.520",,"A"
128082,"2025-09-09 09:48:10.150",,"B"
128083,"2025-09-09 09:58:41.598",,"A"
128084,"2025-09-09 10:01:33.977",,"B"
128085,"2025-09-09 10:14:56.591",,"A"
128086,"2025-09-09 10:25:35.848",,"B"
128087,"2025-09-09 10:52:22.298",,"A"
128088,"2025-09-09 10:53:37.640",,"B"
128089,"2025-09-09 11:18:52.277",,"A"
128227,"2025-09-10 11:40:17.239",,"A"
128228,"2025-09-10 11:52:19.939",,"B"
128229,"2025-09-10 11:54:46.600",,"A"
128230,"2025-09-10 12:03:56.141",,"B"
128231,"2025-09-10 12:09:40.479",,"A"
129697,"2025-09-22 17:39:02.674",,"A"
129699,"2025-09-22 17:44:09.440",,"A"
129700,"2025-09-22 17:55:38.664",,"B"
129701,"2025-09-22 17:57:48.685",,"A"
129702,"2025-09-22 18:09:32.735",,"B"
129703,"2025-09-22 18:23:34.501",,"A"
129704,"2025-09-22 18:25:19.554",,"B"
129705,"2025-09-22 18:35:08.806",,"A"
129706,"2025-09-22 18:39:35.591",,"B"
129841,"2025-09-23 19:52:29.229","United States","A"
129842,"2025-09-23 19:53:14.679",,"B"
129843,"2025-09-23 19:53:23.735","United States","A"
129844,"2025-09-23 20:02:01.725",,"B"
129846,"2025-09-23 20:11:24.637",,"B"
129847,"2025-09-23 20:13:55.903",,"A"
129848,"2025-09-23 20:14:23.579",,"B"
129849,"2025-09-23 20:55:06.598",,"A"
129850,"2025-09-23 21:26:19.024",,"B"
129851,"2025-09-23 21:34:50.480",,"A"
129852,"2025-09-23 21:53:13.738",,"B"
129853,"2025-09-23 22:28:52.807",,"A"
129854,"2025-09-23 22:44:45.752",,"B"
129855,"2025-09-23 23:19:58.322",,"A"
129856,"2025-09-23 23:26:34.372","United States","B"
129857,"2025-09-24 00:07:43.425",,"A"
129858,"2025-09-24 00:20:05.510",,"B"
129859,"2025-09-24 00:44:40.878",,"A"
129860,"2025-09-24 00:47:39.678",,"B"
129861,"2025-09-24 01:15:42.592",,"A"
129862,"2025-09-24 01:27:37.878",,"B"
129863,"2025-09-24 01:40:14.462",,"A"
128232,"2025-09-10 12:09:45.483",,"B"
128233,"2025-09-10 12:30:11.619",,"A"
128234,"2025-09-10 12:31:11.441",,"B"
128235,"2025-09-10 12:42:10.045",,"A"
128236,"2025-09-10 12:53:24.525",,"B"
128185,"2025-09-10 03:13:34.017",,"A"
128186,"2025-09-10 03:22:43.073",,"B"
128187,"2025-09-10 03:32:55.027",,"A"
128188,"2025-09-10 03:49:55.702",,"B"
128189,"2025-09-10 03:57:34.191",,"A"
128190,"2025-09-10 03:58:14.097",,"B"
128191,"2025-09-10 04:03:58.880","Brazil","A"
128192,"2025-09-10 04:13:47.224",,"B"
128193,"2025-09-10 04:15:35.917",,"A"
128194,"2025-09-10 04:24:54.041",,"B"
128195,"2025-09-10 04:34:07.850","Mexico","A"
128196,"2025-09-10 04:49:05.644",,"B"
128197,"2025-09-10 04:52:04.871",,"A"
128198,"2025-09-10 04:56:33.533","Brazil","B"
128199,"2025-09-10 05:21:33.951",,"A"
128200,"2025-09-10 05:27:39.900",,"B"
128201,"2025-09-10 05:30:26.753","Italy","A"
128202,"2025-09-10 05:50:45.497",,"B"
128203,"2025-09-10 05:54:41.906",,"A"
128204,"2025-09-10 05:55:23.062",,"B"
128205,"2025-09-10 06:03:12.257",,"A"
128206,"2025-09-10 06:23:25.703",,"B"
128207,"2025-09-10 06:57:33.560",,"A"
128208,"2025-09-10 07:34:13.136",,"B"
128209,"2025-09-10 07:43:23.025",,"A"
128210,"2025-09-10 07:53:15.021",,"B"
128211,"2025-09-10 07:59:08.576",,"A"
128212,"2025-09-10 08:08:28.848",,"B"
128213,"2025-09-10 08:25:23.684",,"A"
128214,"2025-09-10 08:27:04.960",,"B"
128215,"2025-09-10 08:32:54.499",,"A"
128216,"2025-09-10 08:37:59.680",,"B"
128237,"2025-09-10 13:03:55.492",,"A"
128238,"2025-09-10 13:19:50.228",,"B"
128239,"2025-09-10 13:26:50.836",,"A"
128240,"2025-09-10 13:29:55.692",,"B"
128241,"2025-09-10 13:56:05.960",,"A"
128242,"2025-09-10 13:58:43.863",,"B"
128243,"2025-09-10 14:02:27.834",,"A"
128244,"2025-09-10 14:06:12.910",,"B"
128245,"2025-09-10 14:09:45.479",,"A"
128246,"2025-09-10 14:22:31.142",,"B"
128247,"2025-09-10 14:27:10.287",,"A"
128248,"2025-09-10 14:29:54.031",,"B"
128249,"2025-09-10 14:30:32.838",,"A"
128250,"2025-09-10 14:35:05.005",,"B"
128251,"2025-09-10 14:39:02.069","United States","A"
128252,"2025-09-10 14:59:58.679","France","B"
128253,"2025-09-10 15:18:07.293",,"A"
128254,"2025-09-10 15:19:13.432",,"B"
128255,"2025-09-10 15:22:11.977",,"A"
128256,"2025-09-10 15:38:25.730",,"B"
128257,"2025-09-10 15:42:46.755",,"A"
128258,"2025-09-10 15:45:32.076",,"B"
128259,"2025-09-10 15:48:06.627",,"A"
128260,"2025-09-10 15:49:17.812",,"B"
128261,"2025-09-10 15:55:08.765",,"A"
128262,"2025-09-10 16:25:52.789",,"B"
128263,"2025-09-10 16:47:52.223",,"A"
129864,"2025-09-24 01:42:57.365",,"B"
129865,"2025-09-24 02:07:26.780",,"A"
129866,"2025-09-24 02:11:07.348",,"B"
129867,"2025-09-24 02:40:57.103",,"A"
129868,"2025-09-24 02:52:18.582",,"B"
129869,"2025-09-24 03:16:20.065",,"A"
129870,"2025-09-24 03:56:49.331",,"B"
129871,"2025-09-24 04:38:10.919",,"A"
129872,"2025-09-24 05:05:09.742",,"B"
129873,"2025-09-24 05:24:57.252",,"A"
129874,"2025-09-24 05:34:05.712",,"B"
129875,"2025-09-24 05:46:45.233","United States","A"
129876,"2025-09-24 05:47:18.012",,"B"
129877,"2025-09-24 05:50:36.493",,"A"
129878,"2025-09-24 06:48:25.942",,"B"
129879,"2025-09-24 06:55:16.620",,"A"
129880,"2025-09-24 07:02:55.731",,"B"
129881,"2025-09-24 07:27:56.434",,"A"
129882,"2025-09-24 07:38:07.613",,"B"
129883,"2025-09-24 07:47:34.690",,"A"
129884,"2025-09-24 08:03:17.758",,"B"
129885,"2025-09-24 08:23:45.150",,"A"
129886,"2025-09-24 08:27:04.932",,"B"
129887,"2025-09-24 08:32:33.790",,"A"
129888,"2025-09-24 08:41:51.937",,"B"
129889,"2025-09-24 09:00:43.205",,"A"
129890,"2025-09-24 09:23:00.928","Nigeria","B"
129891,"2025-09-24 09:30:11.327",,"A"
129892,"2025-09-24 10:03:24.556",,"B"
129893,"2025-09-24 10:05:07.833",,"A"
129894,"2025-09-24 10:13:45.641",,"B"
129895,"2025-09-24 10:19:09.231",,"A"
129896,"2025-09-24 10:30:07.454",,"B"
128264,"2025-09-10 16:50:41.742",,"B"
128265,"2025-09-10 16:57:33.159",,"A"
128266,"2025-09-10 17:02:38.287",,"B"
128267,"2025-09-10 17:12:23.852",,"A"
128268,"2025-09-10 17:21:46.503",,"B"
128269,"2025-09-10 17:24:22.688",,"A"
128217,"2025-09-10 09:03:04.611",,"A"
128218,"2025-09-10 09:06:52.410",,"B"
128219,"2025-09-10 09:07:15.392",,"A"
128220,"2025-09-10 09:27:32.421",,"B"
128221,"2025-09-10 09:45:01.663",,"A"
128222,"2025-09-10 09:50:54.590",,"B"
128223,"2025-09-10 09:52:50.092",,"A"
128224,"2025-09-10 10:45:26.297",,"B"
128225,"2025-09-10 11:01:30.118",,"A"
128226,"2025-09-10 11:24:27.612",,"B"
128369,"2025-09-11 19:08:31.689",,"A"
128370,"2025-09-11 19:29:33.333",,"B"
128371,"2025-09-11 19:31:50.648",,"A"
128372,"2025-09-11 19:48:45.655",,"B"
128373,"2025-09-11 19:58:18.077",,"A"
128374,"2025-09-11 19:59:47.103","United States","B"
128375,"2025-09-11 20:06:51.523",,"A"
128376,"2025-09-11 20:40:48.351",,"B"
128377,"2025-09-11 20:46:13.663",,"A"
128378,"2025-09-11 20:49:56.920",,"B"
128379,"2025-09-11 20:59:31.751",,"A"
128380,"2025-09-11 21:11:00.566",,"B"
128381,"2025-09-11 21:29:55.513",,"A"
128382,"2025-09-11 21:34:35.293",,"B"
128383,"2025-09-11 21:37:20.286",,"A"
128384,"2025-09-11 21:40:51.280",,"B"
128385,"2025-09-11 21:57:31.482",,"A"
128386,"2025-09-11 21:58:00.471",,"B"
128387,"2025-09-11 22:12:11.552",,"A"
128388,"2025-09-11 22:31:04.031",,"B"
128389,"2025-09-11 23:31:23.903",,"A"
128390,"2025-09-11 23:51:00.982","Canada","B"
128270,"2025-09-10 17:29:51.290",,"B"
128271,"2025-09-10 17:48:59.523",,"A"
128272,"2025-09-10 18:01:42.369","United States","B"
128273,"2025-09-10 18:05:09.464",,"A"
128274,"2025-09-10 18:14:34.789",,"B"
128275,"2025-09-10 18:21:09.749",,"A"
128276,"2025-09-10 18:31:43.182",,"B"
128277,"2025-09-10 18:34:44.540","Norway","A"
128278,"2025-09-10 18:42:25.710",,"B"
128279,"2025-09-10 19:10:56.984","France","A"
128280,"2025-09-10 19:19:19.285",,"B"
128281,"2025-09-10 19:24:26.121",,"A"
128282,"2025-09-10 19:54:33.234",,"B"
128283,"2025-09-10 19:59:22.540","Netherlands","A"
128284,"2025-09-10 20:04:02.747",,"B"
128285,"2025-09-10 20:07:54.775",,"A"
128286,"2025-09-10 20:08:08.515","United States","B"
128287,"2025-09-10 20:09:55.879",,"A"
128288,"2025-09-10 20:18:59.015",,"B"
129897,"2025-09-24 10:38:57.639",,"A"
129898,"2025-09-24 10:55:53.420","United States","B"
129900,"2025-09-24 11:08:44.668",,"B"
129901,"2025-09-24 11:18:33.296",,"A"
129902,"2025-09-24 11:20:39.975",,"B"
129903,"2025-09-24 11:52:57.480",,"A"
129904,"2025-09-24 12:07:06.249",,"B"
129905,"2025-09-24 12:13:53.099",,"A"
129906,"2025-09-24 12:15:06.776",,"B"
129907,"2025-09-24 12:44:04.399",,"A"
129908,"2025-09-24 12:54:53.411",,"B"
129909,"2025-09-24 13:13:25.622",,"A"
129910,"2025-09-24 13:15:05.557",,"B"
129911,"2025-09-24 13:16:07.906",,"A"
129912,"2025-09-24 13:16:55.151",,"B"
130061,"2025-09-25 19:49:33.983",,"A"
130062,"2025-09-25 19:52:40.937",,"B"
130063,"2025-09-25 20:35:31.390","Denmark","A"
130064,"2025-09-25 20:43:12.499",,"B"
130065,"2025-09-25 20:47:27.951",,"A"
130066,"2025-09-25 20:48:38.027",,"B"
130067,"2025-09-25 20:50:18.644",,"A"
130068,"2025-09-25 21:08:20.710",,"B"
130069,"2025-09-25 21:12:29.664",,"A"
130070,"2025-09-25 21:18:17.499",,"B"
130071,"2025-09-25 21:27:58.243",,"A"
130072,"2025-09-25 21:30:28.429","Morocco","B"
130073,"2025-09-25 21:35:13.632",,"A"
130074,"2025-09-25 21:35:28.998",,"B"
130075,"2025-09-25 21:54:38.536",,"A"
130076,"2025-09-25 22:02:03.184",,"B"
128289,"2025-09-10 20:23:42.562",,"A"
128290,"2025-09-10 20:45:47.046",,"B"
128291,"2025-09-10 20:50:25.428",,"A"
128292,"2025-09-10 20:55:36.374",,"B"
128293,"2025-09-10 20:55:59.410",,"A"
128294,"2025-09-10 20:58:28.471",,"B"
128295,"2025-09-10 21:25:29.957",,"A"
128296,"2025-09-10 21:32:34.538",,"B"
128297,"2025-09-10 22:03:52.489","Brazil","A"
128391,"2025-09-12 00:32:24.817",,"A"
128392,"2025-09-12 00:59:19.671",,"B"
128393,"2025-09-12 01:01:07.838",,"A"
128394,"2025-09-12 01:08:29.620",,"B"
128395,"2025-09-12 01:16:33.471",,"A"
128396,"2025-09-12 01:57:39.428",,"B"
128397,"2025-09-12 01:58:10.852",,"A"
128398,"2025-09-12 02:11:02.829",,"B"
128399,"2025-09-12 02:12:43.471",,"A"
128400,"2025-09-12 02:18:42.917",,"B"
128401,"2025-09-12 02:34:16.704",,"A"
128402,"2025-09-12 02:37:51.777",,"B"
128403,"2025-09-12 02:40:13.324",,"A"
128404,"2025-09-12 02:42:43.296",,"B"
128405,"2025-09-12 02:47:42.817",,"A"
128406,"2025-09-12 02:50:34.243",,"B"
128407,"2025-09-12 03:08:00.021",,"A"
128408,"2025-09-12 03:15:38.835",,"B"
128409,"2025-09-12 03:24:39.653",,"A"
128410,"2025-09-12 03:25:16.983",,"B"
128411,"2025-09-12 03:52:17.169",,"A"
128412,"2025-09-12 04:08:55.249",,"B"
128413,"2025-09-12 04:49:31.301",,"A"
128414,"2025-09-12 05:34:12.085",,"B"
128415,"2025-09-12 05:38:31.673",,"A"
128416,"2025-09-12 05:57:41.370",,"B"
128417,"2025-09-12 05:57:50.767",,"A"
128418,"2025-09-12 06:11:52.784",,"B"
128419,"2025-09-12 06:26:15.857",,"A"
128420,"2025-09-12 06:41:35.793",,"B"
128421,"2025-09-12 07:06:30.815",,"A"
128422,"2025-09-12 07:13:35.844",,"B"
128423,"2025-09-12 07:28:51.703",,"A"
128424,"2025-09-12 08:37:13.655",,"B"
128425,"2025-09-12 08:43:11.701",,"A"
128298,"2025-09-10 22:29:53.953",,"B"
128299,"2025-09-10 22:30:06.938",,"A"
128300,"2025-09-10 22:38:56.767",,"B"
128301,"2025-09-10 23:23:27.972",,"A"
128437,"2025-09-12 10:14:36.271",,"A"
128438,"2025-09-12 10:23:42.887",,"B"
128439,"2025-09-12 10:23:43.889",,"A"
128440,"2025-09-12 10:30:56.054",,"B"
128441,"2025-09-12 10:38:24.571",,"A"
128442,"2025-09-12 10:54:09.991",,"B"
128443,"2025-09-12 11:15:47.714","Israel","A"
128444,"2025-09-12 11:20:56.889",,"B"
128445,"2025-09-12 11:28:25.126",,"A"
128446,"2025-09-12 11:55:12.372",,"B"
128447,"2025-09-12 12:05:17.935",,"A"
128448,"2025-09-12 12:10:20.551",,"B"
128449,"2025-09-12 12:18:20.675",,"A"
128450,"2025-09-12 12:21:16.947","Indonesia","B"
128451,"2025-09-12 12:22:06.425","Costa Rica","A"
128452,"2025-09-12 12:47:42.192",,"B"
128453,"2025-09-12 12:58:33.161",,"A"
128454,"2025-09-12 13:00:46.222",,"B"
128455,"2025-09-12 13:06:33.720",,"A"
130077,"2025-09-25 22:10:12.798",,"A"
130078,"2025-09-25 22:40:24.210",,"B"
130079,"2025-09-25 22:45:18.334",,"A"
130080,"2025-09-25 22:50:40.034",,"B"
130081,"2025-09-25 23:05:50.920",,"A"
130082,"2025-09-25 23:16:35.564",,"B"
130083,"2025-09-25 23:19:15.041",,"A"
130084,"2025-09-25 23:23:32.271",,"B"
130085,"2025-09-25 23:35:12.441",,"A"
130086,"2025-09-25 23:39:46.255",,"B"
130087,"2025-09-25 23:48:36.317",,"A"
130088,"2025-09-25 23:50:07.620",,"B"
130089,"2025-09-26 00:03:42.140",,"A"
130090,"2025-09-26 00:08:04.705",,"B"
130091,"2025-09-26 00:31:23.663",,"A"
130092,"2025-09-26 00:47:10.351",,"B"
130093,"2025-09-26 01:03:48.304",,"A"
130094,"2025-09-26 01:08:28.707",,"B"
130095,"2025-09-26 01:45:20.720",,"A"
130096,"2025-09-26 01:46:58.978","United States","B"
130097,"2025-09-26 02:12:26.079",,"A"
130098,"2025-09-26 02:41:32.508",,"B"
130099,"2025-09-26 02:43:25.066",,"A"
130100,"2025-09-26 02:51:35.907",,"B"
130101,"2025-09-26 02:54:08.817",,"A"
130102,"2025-09-26 02:59:07.639","Portugal","B"
130103,"2025-09-26 03:06:20.848",,"A"
130104,"2025-09-26 03:33:20.950",,"B"
130105,"2025-09-26 03:41:58.570",,"A"
130106,"2025-09-26 03:47:50.208",,"B"
130107,"2025-09-26 04:15:24.584",,"A"
130108,"2025-09-26 05:00:40.631",,"B"
130109,"2025-09-26 05:22:46.394",,"A"
128456,"2025-09-12 13:33:12.463",,"B"
128457,"2025-09-12 13:35:53.201",,"A"
128458,"2025-09-12 13:49:35.013","United States","B"
128459,"2025-09-12 13:56:46.367",,"A"
128460,"2025-09-12 14:07:01.803",,"B"
128461,"2025-09-12 14:11:57.159",,"A"
128462,"2025-09-12 14:32:46.620",,"B"
128464,"2025-09-12 14:55:34.699",,"B"
128465,"2025-09-12 15:02:34.411","Germany","A"
128466,"2025-09-12 15:05:18.048",,"B"
128426,"2025-09-12 08:56:23.720","United Kingdom","B"
128427,"2025-09-12 08:57:15.813",,"A"
128428,"2025-09-12 09:23:29.228",,"B"
128429,"2025-09-12 09:24:49.412",,"A"
128430,"2025-09-12 09:27:47.159",,"B"
128431,"2025-09-12 09:35:03.189","India","A"
128432,"2025-09-12 09:40:48.252",,"B"
128433,"2025-09-12 09:51:41.047",,"A"
128434,"2025-09-12 09:53:31.285",,"B"
128435,"2025-09-12 10:02:31.324",,"A"
128562,"2025-09-13 15:04:09.117",,"B"
128563,"2025-09-13 15:06:30.955",,"A"
128564,"2025-09-13 15:19:24.017",,"B"
128565,"2025-09-13 15:23:12.897",,"A"
128566,"2025-09-13 15:30:53.879","Colombia","B"
128567,"2025-09-13 15:47:40.980",,"A"
128568,"2025-09-13 15:49:11.231",,"B"
128569,"2025-09-13 16:03:21.686",,"A"
128570,"2025-09-13 16:25:14.076",,"B"
128571,"2025-09-13 16:26:00.695",,"A"
128572,"2025-09-13 16:30:27.608",,"B"
128573,"2025-09-13 16:37:01.433",,"A"
128574,"2025-09-13 16:42:17.621",,"B"
128575,"2025-09-13 17:53:08.946",,"A"
128576,"2025-09-13 18:36:15.824",,"B"
128577,"2025-09-13 18:42:45.557",,"A"
128578,"2025-09-13 18:52:06.859",,"B"
128579,"2025-09-13 18:54:09.611",,"A"
128580,"2025-09-13 18:54:54.912",,"B"
128581,"2025-09-13 19:30:30.203",,"A"
128582,"2025-09-13 19:38:10.673","United States","B"
